21.30,19.44,24.01,26.64,24.68,26.23,30.14,29.45,24.47,23.24,27.59,26.69,27.36,29.23,42.50,40.61,28.87,22.00,27.18,41.17,27.63,18.90,21.17,27.11,30.18,40.63,27.62,26.65,20.73,32.07,32.19,26.06,26.91,34.18,25.13,29.42,26.29,25.68,34.77,24.98,45.63,26.99,34.25,45.36,33.02,26.53,30.16,27.16,33.57,27.71,33.89,24.89,18.93,27.33,30.85,40.47,26.18,31.22,11.45,26.17,26.33,47.75,29.71,25.84,38.85,34.29,23.83,27.81,27.22,27.19,42.93,26.68,23.41,42.10,10.00,30.34,29.04,8.04,35.88,35.63,31.77,28.94,24.06,24.47,28.64,13.01,13.21,41.77,25.54,29.64,28.32,31.31,35.39,26.28,32.90,26.22,25.55,33.46,33.47,8.32
34.69,39.30,20.82,22.90,20.10,17.41,24.84,20.29,17.40,18.75,16.62,19.18,27.34,22.22,23.81,17.93,17.75,18.47,19.98,5.34,21.10,22.17,5.22,28.92,16.82,27.08,17.08,18.81,23.64,20.04,24.84,27.26,16.42,25.40,16.46,20.05,17.79,22.37,21.88,21.22,9.27,23.36,24.76,20.35,6.10,20.23,42.14,20.32,18.92,19.00,25.75,21.25,14.04,22.15,23.33,23.95,16.26,16.46,22.52,18.97,8.54,25.32,26.47,21.56,24.21,27.84,22.68,13.31,33.21,21.32,25.19,21.70,20.84,19.95,6.71,20.73,23.65,23.93,18.55,21.84,17.17,25.04,24.06,10.76,21.44,15.18,14.05,20.25,20.79,20.09,19.20,25.26,29.38,22.69,21.31,39.54,22.00,24.23,18.24,20.37
20.69,25.52,14.96,13.24,20.36,13.51,22.93,22.23,32.82,16.20,19.79,24.96,12.23,6.98,21.18,18.77,31.78,4.66,19.56,21.16,33.37,20.92,23.39,21.71,16.64,24.10,18.09,22.39,25.34,23.73,24.54,22.61,3.89,23.70,21.12,18.55,19.84,22.93,22.30,15.14,24.97,29.64,13.98,46.48,23.14,23.15,40.15,23.86,23.64,17.34,17.57,14.47,27.79,20.28,19.82,27.76,16.54,26.78,21.36,16.74,21.64,26.69,22.90,21.18,24.39,28.89,20.33,23.57,22.91,12.75,25.42,22.74,23.07,20.79,20.76,23.13,25.39,24.93,23.13,20.46,23.41,30.46,19.20,18.70,33.71,10.91,4.23,3.43,21.84,25.40,15.74,30.56,34.93,34.75,23.15,23.34,22.79,24.60,23.18,24.93
38.89,24.88,23.52,26.34,21.04,18.21,26.54,24.39,19.80,14.11,19.05,10.59,41.77,20.98,12.87,35.37,23.62,23.16,19.13,39.75,23.16,4.41,25.67,15.75,6.28,35.47,29.54,26.26,23.30,23.66,8.53,23.53,39.18,24.23,23.37,17.32,21.27,21.95,42.45,17.86,31.52,23.31,21.04,12.58,27.74,21.57,12.78,17.70,26.52,19.56,33.58,23.16,21.68,20.17,19.06,22.89,14.85,19.62,31.41,19.63,19.45,18.13,16.60,21.30,25.77,31.73,23.60,0.49,21.26,6.23,23.52,2.74,16.27,22.86,14.28,26.57,25.61,20.05,19.72,36.40,21.10,25.54,23.06,47.49,20.01,2.77,18.44,22.06,21.15,17.52,24.55,25.39,19.57,20.98,22.79,25.62,21.27,25.46,24.59,20.89
27.35,22.79,39.94,20.79,18.60,38.97,39.46,22.35,17.12,21.02,19.46,22.11,24.18,24.60,22.19,22.43,24.26,22.55,9.20,25.17,5.12,28.96,27.90,22.88,19.36,25.49,23.95,27.47,25.32,21.99,28.29,23.53,24.58,31.26,25.95,22.10,22.06,12.16,24.27,45.71,33.32,24.48,28.39,27.60,9.51,24.71,29.72,8.95,25.39,19.92,11.31,37.80,24.58,26.80,24.07,26.82,18.24,22.34,22.24,19.43,39.03,32.70,23.58,25.21,14.76,29.76,20.67,24.50,19.83,8.33,23.34,13.45,23.22,20.89,27.17,24.00,28.99,43.66,2.79,22.56,23.26,33.40,23.71,40.82,21.91,40.00,21.65,21.51,23.70,35.25,30.97,24.70,14.35,14.47,23.09,22.79,30.18,27.84,26.33,27.32
23.72,25.49,15.92,35.26,23.20,20.48,28.88,9.23,21.05,17.64,42.27,23.18,27.58,22.36,44.14,19.42,24.08,23.40,29.49,30.87,26.69,24.90,24.80,19.70,25.50,29.75,0.56,24.95,29.50,23.90,2.10,22.66,33.39,5.04,42.50,17.38,22.55,26.59,28.06,19.16,42.92,23.19,25.45,24.73,25.65,23.30,36.54,21.87,22.76,23.50,25.92,26.83,24.43,22.19,47.65,25.40,26.71,25.12,24.26,28.41,24.30,34.99,26.23,29.94,25.26,40.40,25.04,23.94,10.78,25.24,26.71,-0.19,22.10,44.80,28.36,20.32,27.94,26.18,21.02,25.01,26.75,24.04,32.62,20.52,24.03,23.45,17.82,23.01,22.88,27.51,23.27,26.92,25.87,8.65,26.09,41.11,26.13,26.96,27.30,27.39
25.71,21.76,23.77,23.25,25.61,15.56,16.04,22.05,13.53,15.87,36.12,28.51,26.60,24.93,46.66,28.24,24.71,22.04,22.06,24.28,22.43,27.46,23.84,25.29,22.73,30.49,10.58,20.92,25.36,22.06,22.75,24.38,29.81,25.41,28.89,17.27,28.42,27.91,24.34,17.32,23.28,16.13,27.73,11.77,25.79,22.03,27.30,19.57,28.50,0.15,27.43,21.96,25.74,19.52,22.99,13.64,19.67,20.00,20.90,28.77,21.48,36.97,23.31,16.16,26.81,32.44,24.61,14.38,19.66,37.80,25.27,21.56,18.97,20.21,29.97,1.91,25.01,25.12,20.13,19.84,24.39,35.22,20.28,18.14,19.70,16.19,19.08,19.32,18.03,24.07,22.31,26.54,26.21,19.47,26.37,24.42,9.18,22.43,43.00,21.70
24.73,27.31,22.56,27.21,22.34,16.95,23.34,22.03,18.52,41.28,22.70,21.26,25.85,31.16,32.55,19.62,21.45,23.59,24.37,9.23,33.80,24.83,28.69,42.34,20.33,21.33,15.62,24.44,27.16,32.62,28.02,22.47,22.26,15.37,22.13,36.89,20.35,43.95,5.68,31.52,27.43,22.90,47.60,26.70,24.04,23.35,24.91,20.83,7.93,25.64,22.80,16.61,1.69,25.75,9.77,20.95,17.86,24.55,20.01,25.53,23.32,25.92,25.84,22.65,22.01,32.41,20.65,44.27,27.46,46.50,25.53,25.45,19.89,21.06,23.11,24.96,27.19,20.65,24.65,22.05,22.58,27.47,28.44,19.31,42.51,22.10,16.15,36.49,23.52,31.53,24.74,24.98,21.97,4.19,24.67,23.12,29.11,10.82,27.51,25.78
41.87,15.28,28.22,30.67,25.65,21.48,24.70,30.33,46.18,24.19,23.96,28.52,29.45,44.01,27.37,25.81,24.81,12.13,28.90,28.72,29.88,47.94,20.97,28.10,25.02,30.77,22.82,29.41,47.54,31.42,7.65,33.04,29.71,31.74,29.69,28.61,25.20,25.93,31.03,27.93,30.29,27.55,32.47,18.95,33.16,5.53,30.61,34.69,21.02,20.35,31.72,4.20,29.36,24.53,26.94,31.06,25.05,26.29,29.18,23.75,26.86,32.01,35.11,31.47,31.27,33.11,25.90,24.10,42.89,40.43,25.32,24.85,22.62,6.69,29.74,43.58,31.72,28.03,20.37,25.63,23.24,44.50,26.91,19.33,25.24,22.12,18.94,25.63,22.72,42.39,26.58,31.81,34.89,25.61,18.48,25.67,31.82,30.76,31.82,29.85
45.16,23.09,22.84,18.93,19.45,19.88,14.80,22.96,19.34,5.09,12.14,36.85,36.84,25.13,24.07,22.45,25.78,18.67,18.51,18.27,21.87,15.43,27.65,20.30,3.82,29.93,45.47,35.10,13.04,25.37,25.75,6.09,22.85,25.98,22.14,23.17,24.67,26.74,25.41,23.02,26.80,30.41,27.23,34.60,26.64,31.96,26.09,22.16,27.34,20.32,25.97,21.93,46.58,25.45,25.33,16.75,22.94,26.40,16.35,20.64,13.65,33.57,28.84,27.26,6.97,42.92,34.71,24.77,28.07,20.50,3.82,42.64,23.49,40.76,27.36,22.37,11.19,34.21,7.91,23.51,22.36,24.30,25.33,18.25,13.88,18.42,19.10,20.15,20.98,25.32,23.27,11.83,24.49,18.05,12.21,23.83,23.68,34.58,17.83,28.71
22.88,25.39,26.37,32.36,20.32,16.95,28.26,22.96,21.88,15.12,12.02,18.52,27.68,26.27,28.20,21.82,22.59,18.73,22.73,44.45,24.37,39.83,27.75,24.60,31.73,28.57,21.78,21.99,26.40,25.02,29.81,21.27,28.20,31.15,28.20,26.84,25.82,18.25,38.26,22.55,32.22,27.48,31.05,28.40,30.31,21.45,31.88,26.00,26.72,23.69,31.08,2.73,27.74,18.20,22.43,27.37,18.31,23.66,29.46,23.91,33.07,26.86,36.40,27.16,28.38,33.86,11.31,27.65,21.80,36.90,21.02,26.14,24.23,25.41,35.25,27.70,40.58,26.00,24.53,20.22,31.05,30.57,10.18,26.85,19.71,25.21,21.98,7.04,26.31,35.66,10.15,31.24,17.13,25.87,25.52,24.31,36.80,39.74,28.02,20.94
44.66,23.44,21.62,22.11,17.97,7.37,28.83,30.40,16.71,16.41,10.87,10.75,23.21,27.23,17.32,15.67,21.06,15.17,22.12,42.10,21.85,23.73,24.07,21.38,40.10,24.97,19.55,20.84,21.73,39.67,22.78,21.25,21.42,22.78,11.21,17.46,19.35,14.95,12.81,18.36,22.00,21.04,39.35,24.36,26.37,20.27,24.15,24.16,12.97,12.21,25.63,20.55,24.22,17.27,21.59,24.95,19.57,26.19,43.11,9.50,23.43,6.34,22.78,7.22,22.14,32.04,20.25,5.28,21.11,19.40,22.41,20.39,18.30,20.24,5.83,4.92,15.80,22.60,21.29,20.63,19.82,19.16,23.16,35.32,22.53,15.13,34.47,19.60,22.06,23.45,17.01,32.91,21.97,21.16,16.09,19.93,23.83,24.75,46.51,26.58
41.14,25.39,21.60,27.43,21.42,22.61,15.80,34.81,16.39,15.57,16.36,18.17,21.07,27.08,29.41,41.36,25.76,23.84,19.28,22.41,21.87,21.69,23.65,25.59,10.45,22.71,21.73,24.24,25.28,23.08,40.96,26.50,27.06,24.26,25.18,23.03,16.93,21.60,29.31,21.66,30.07,23.87,29.19,14.38,25.15,24.30,28.38,26.33,25.02,20.04,37.47,38.47,27.64,24.37,22.12,25.11,5.01,25.63,23.16,19.17,21.96,29.97,27.60,43.45,20.74,31.53,40.67,22.78,26.70,22.33,22.67,26.43,3.02,23.83,29.29,25.48,28.98,24.25,24.89,37.87,22.32,25.50,21.57,24.81,25.26,22.71,16.33,12.31,19.48,24.89,21.28,22.23,25.61,20.03,24.24,21.35,17.38,28.23,22.71,30.17
26.62,27.40,19.94,33.43,44.91,23.34,44.99,30.76,25.23,24.60,28.79,25.91,13.88,25.40,38.57,29.79,30.69,25.78,30.31,42.61,20.70,32.86,7.41,28.58,26.15,36.04,22.64,29.55,31.49,32.50,30.57,28.09,29.43,26.46,23.80,42.96,26.40,21.14,17.80,32.53,33.05,31.30,33.02,44.58,30.58,13.98,30.44,41.87,33.44,27.03,32.56,32.01,26.10,13.25,27.03,27.16,23.16,32.53,31.37,25.16,12.70,33.18,29.52,12.15,26.61,32.20,29.36,49.32,26.67,29.14,33.73,18.78,26.98,11.02,31.26,16.10,38.12,23.95,21.98,24.05,25.06,31.81,28.29,21.13,30.06,24.33,7.49,24.99,24.42,45.54,29.42,36.46,30.27,30.62,32.34,26.89,28.76,39.01,41.86,28.05
19.80,24.58,23.82,25.19,9.81,20.26,27.15,27.79,19.38,41.53,1.20,28.65,25.88,22.51,24.80,7.84,23.50,25.51,21.61,28.05,50.68,13.71,10.04,28.41,4.70,23.15,20.07,31.70,29.44,28.22,27.15,45.14,49.26,28.69,28.18,20.52,25.41,27.50,30.00,23.25,28.05,27.18,13.93,28.74,40.20,48.29,42.18,28.44,24.40,47.55,32.41,23.47,25.47,25.00,23.02,26.99,25.02,25.15,26.05,21.30,23.12,44.00,26.40,16.19,5.31,33.74,23.21,27.22,0.81,25.28,27.51,24.90,22.66,23.53,29.28,47.37,45.52,32.32,24.00,29.02,13.53,11.22,25.91,6.27,46.01,22.97,23.03,9.26,25.84,42.71,25.96,27.86,8.47,22.88,30.03,26.85,27.01,31.46,17.29,44.52
25.91,6.61,22.29,24.29,18.41,23.11,4.51,28.74,17.41,16.77,23.25,22.95,27.84,18.99,23.65,5.24,26.78,21.89,22.17,27.50,48.92,31.90,15.11,24.35,20.97,21.02,32.99,24.81,24.63,25.56,26.93,27.99,28.31,25.85,26.10,24.64,21.89,43.96,28.40,24.90,27.57,17.92,25.91,36.51,29.73,23.54,19.06,26.13,35.49,15.00,35.13,6.58,8.32,20.06,23.69,20.50,16.88,22.61,25.55,22.87,20.94,34.97,26.05,23.25,23.18,31.77,30.25,24.91,21.19,24.42,24.97,24.18,40.69,25.30,24.07,26.07,28.98,23.65,26.44,21.64,25.15,24.37,18.65,2.26,23.08,20.66,18.94,25.10,5.47,25.04,24.04,35.86,22.79,32.08,22.73,26.93,23.86,29.83,26.77,38.17
22.79,12.57,21.08,23.36,23.91,3.31,19.87,29.42,20.62,19.17,20.87,21.63,23.94,28.51,25.91,21.39,25.05,23.24,30.23,29.56,22.98,23.45,27.84,20.71,21.85,29.88,17.86,30.44,26.45,21.17,4.30,24.26,47.28,37.97,20.32,4.10,30.62,27.33,27.66,34.29,31.03,26.70,30.94,23.77,42.47,24.09,10.57,20.57,26.18,19.69,37.01,43.63,22.67,21.43,7.72,28.64,23.60,23.83,20.25,25.83,24.44,24.25,8.25,21.42,22.98,29.29,30.70,18.14,26.26,25.13,28.96,23.93,22.97,18.31,40.61,34.40,44.89,26.86,22.10,24.20,7.41,30.38,23.44,19.35,21.61,20.88,24.65,21.14,23.03,28.79,26.71,26.13,27.06,23.51,22.42,20.80,6.54,29.89,45.12,38.17
38.83,21.76,23.50,42.30,23.39,21.78,25.28,27.33,20.11,22.20,24.22,22.32,21.89,21.76,34.11,24.10,21.30,21.93,44.85,25.34,25.20,48.60,24.37,20.35,20.22,23.55,18.88,28.04,24.77,27.09,24.69,3.07,22.67,28.12,24.06,21.89,23.85,26.48,9.56,23.07,24.74,6.66,29.24,27.42,20.60,7.11,43.36,25.17,23.32,20.06,26.55,18.93,27.26,18.67,25.89,28.17,12.57,40.12,23.73,22.32,21.47,22.17,28.08,26.36,27.03,30.56,23.79,27.54,23.84,21.89,26.99,22.80,20.61,46.97,30.32,3.66,25.82,27.45,25.09,25.08,19.76,28.93,20.37,17.36,23.63,20.18,24.15,39.46,4.77,29.20,6.47,20.17,25.85,17.24,26.66,26.28,22.04,29.19,28.83,22.06
18.80,26.97,26.17,4.35,32.80,40.91,12.02,31.46,20.15,21.63,24.33,25.15,28.51,27.66,22.63,22.16,24.43,25.33,9.92,31.12,26.19,37.66,40.94,28.30,23.92,28.28,19.88,12.11,29.53,25.60,46.77,24.42,20.41,29.26,27.49,25.73,26.25,24.93,28.42,20.66,28.04,23.44,24.69,28.82,26.16,24.65,47.82,22.95,28.07,14.15,29.19,16.06,25.90,4.88,26.10,9.96,17.28,23.83,38.82,27.91,22.77,29.87,29.03,24.78,31.25,31.61,24.12,26.34,26.09,25.82,25.88,19.93,27.50,28.25,23.93,27.84,37.15,24.82,38.39,26.47,27.09,30.03,39.63,19.30,23.01,43.33,21.21,18.56,32.43,19.56,23.32,26.97,46.88,29.26,28.30,24.80,27.14,29.20,31.49,12.93
44.13,28.38,38.32,28.63,30.56,26.96,28.84,37.83,17.40,16.99,29.35,23.99,29.35,32.41,25.70,25.80,28.96,1.81,21.26,33.21,27.17,27.99,29.38,28.55,25.72,30.37,8.70,36.19,38.16,26.39,29.43,44.74,4.23,29.52,22.90,6.32,25.46,21.40,8.62,45.11,32.42,11.48,40.12,11.23,28.18,33.55,46.63,30.15,26.52,25.63,21.42,21.91,26.02,24.76,25.90,30.09,18.76,24.62,41.54,22.59,28.52,29.36,27.90,38.50,27.21,35.33,26.01,14.34,20.96,26.31,31.07,28.63,28.05,28.24,15.76,31.85,30.79,27.05,25.55,28.94,23.64,19.15,28.44,33.62,22.71,21.58,25.85,25.36,25.31,22.38,21.93,18.07,30.83,24.49,29.40,48.58,24.04,28.88,31.24,38.05
30.25,31.02,27.61,23.94,22.78,3.66,30.75,28.65,30.94,18.13,25.05,29.42,25.73,32.49,34.21,24.14,24.28,21.24,32.46,33.37,27.94,27.52,32.86,30.63,22.29,25.27,22.18,30.63,33.54,29.84,15.88,24.12,30.17,27.64,26.50,34.75,17.59,29.22,34.16,11.20,27.22,36.03,23.05,22.04,39.35,23.60,31.92,30.17,23.11,21.01,35.90,17.25,36.75,27.05,27.38,38.17,24.88,22.29,24.94,28.00,19.18,24.16,29.26,25.11,24.99,36.89,21.43,25.54,36.64,23.30,20.86,34.48,18.58,22.38,32.05,34.07,28.25,28.70,17.71,29.51,26.01,38.16,30.51,20.23,25.76,9.96,24.46,35.20,27.50,31.47,26.12,28.25,38.05,24.98,30.73,25.09,29.18,31.14,31.90,24.44
24.60,32.10,26.81,28.85,25.57,19.48,46.75,30.59,21.24,16.75,22.54,23.94,32.77,38.47,13.03,10.22,10.61,0.85,27.08,29.78,28.56,30.75,31.70,29.51,23.70,32.31,27.70,26.08,25.47,32.46,28.81,29.17,17.90,28.98,27.17,8.52,40.71,23.47,32.34,30.72,29.95,26.25,31.03,26.83,28.74,20.43,41.51,25.02,18.00,46.18,26.12,26.41,27.54,18.78,28.39,31.36,22.82,29.61,22.57,21.41,22.55,30.79,27.73,21.98,23.68,32.96,25.12,26.46,13.56,25.95,26.10,42.99,22.20,29.73,24.76,27.10,28.50,27.03,21.61,20.36,12.61,27.27,40.36,40.48,26.29,24.77,41.04,25.43,22.05,28.29,11.79,18.59,30.76,25.08,30.76,37.15,43.70,29.39,29.36,26.55
29.42,22.23,27.84,3.23,20.94,21.25,28.02,22.96,23.79,20.26,36.23,43.64,25.34,28.10,34.63,19.86,24.86,24.58,37.82,26.65,32.64,27.62,30.70,18.07,8.78,24.96,22.57,42.49,23.48,27.13,29.06,21.02,24.01,25.98,29.57,13.63,20.55,17.74,27.87,21.25,24.21,37.54,28.48,24.50,26.11,3.35,31.08,29.14,23.33,19.98,3.39,25.30,24.76,24.25,23.19,26.43,21.55,41.67,37.46,24.78,25.32,44.09,26.61,25.48,26.47,33.34,17.98,25.37,20.62,24.96,44.93,24.81,6.31,23.21,26.05,35.66,30.46,31.88,22.83,39.86,4.54,40.52,27.31,22.44,9.91,23.59,10.44,24.35,23.47,31.66,22.65,38.38,26.86,24.96,26.32,25.86,24.39,15.64,9.77,27.14
39.48,20.87,25.60,26.96,19.22,13.21,33.38,31.18,23.01,0.97,24.51,25.09,28.02,23.37,27.18,22.54,19.70,21.00,23.41,6.88,19.18,28.10,28.45,23.93,34.39,25.00,21.74,21.77,27.25,29.60,25.20,20.97,26.33,43.81,12.70,25.30,21.50,23.88,24.55,16.31,39.54,24.58,24.13,28.99,20.72,23.09,30.73,27.13,28.69,22.27,30.19,24.96,33.78,27.27,35.82,26.09,20.47,26.04,3.96,21.72,22.18,28.99,23.90,25.40,24.71,34.81,21.77,22.94,23.15,28.29,21.84,24.83,35.62,23.91,20.99,19.34,25.18,44.23,21.34,24.32,26.00,29.63,25.31,21.95,23.35,23.17,26.34,19.60,17.83,22.07,28.41,29.10,45.45,30.20,28.11,26.80,21.08,29.63,44.89,21.46
2.10,43.05,18.36,21.80,21.36,16.33,24.24,24.41,17.95,20.90,6.66,24.57,17.12,17.76,3.70,10.64,20.14,20.61,20.66,17.55,23.30,18.79,43.74,17.92,23.27,21.88,21.62,22.27,9.46,29.47,20.88,17.33,21.21,22.35,21.88,22.55,22.48,33.14,25.93,22.43,21.13,30.31,23.24,34.30,20.91,35.76,24.00,23.34,19.58,18.67,30.66,25.21,1.74,18.97,17.39,10.57,23.18,20.65,24.03,16.65,21.86,22.93,24.34,24.05,20.31,25.82,16.53,21.41,35.05,19.11,23.22,19.68,16.11,20.07,23.09,24.12,18.98,22.01,11.78,21.09,21.97,44.53,17.71,17.27,20.71,16.60,8.06,13.71,18.21,23.18,8.93,27.03,24.69,24.90,20.81,33.20,12.05,8.97,23.30,24.31
21.36,23.11,22.98,22.33,22.35,20.33,24.40,24.07,15.24,19.53,19.48,22.53,25.80,12.82,25.55,19.86,22.74,23.07,23.04,26.57,21.68,30.72,28.48,17.91,22.95,33.55,9.53,22.80,26.57,18.88,23.81,23.78,26.34,30.27,26.85,22.11,12.77,8.55,27.68,13.34,23.47,24.68,27.41,28.22,25.47,18.01,31.09,27.09,21.69,25.28,31.15,25.97,25.42,10.87,21.42,22.14,14.96,25.34,18.93,23.43,16.64,28.48,26.26,21.16,34.82,29.32,21.24,23.76,24.65,22.00,22.41,21.08,18.17,23.34,22.95,18.21,23.89,23.35,20.73,4.97,22.45,15.70,27.80,17.52,24.03,17.12,16.63,19.61,36.97,42.81,23.20,28.22,28.91,19.31,25.04,17.58,23.83,38.25,26.87,20.14
9.41,24.31,20.14,22.19,15.56,15.98,22.93,24.52,11.43,20.32,45.64,23.05,46.54,17.50,21.03,22.28,23.37,42.34,24.02,20.94,22.89,11.56,26.69,6.30,32.03,28.29,9.07,27.81,24.12,21.27,12.92,12.43,49.11,24.07,26.22,23.11,8.04,18.58,41.34,6.60,3.11,22.30,14.52,26.35,24.69,22.15,24.58,25.58,27.21,14.65,27.98,20.37,24.34,35.60,24.24,12.42,13.58,21.86,18.77,19.17,20.72,23.72,27.35,19.34,32.48,33.46,18.66,22.02,23.42,47.37,24.82,21.21,22.75,23.81,22.61,2.23,25.08,42.72,25.45,2.95,17.72,26.81,23.31,5.31,25.51,26.61,20.99,20.11,24.06,29.22,19.68,28.71,25.58,18.45,25.44,24.55,26.33,23.61,27.15,25.27
23.28,30.59,29.18,25.14,20.07,16.90,28.71,38.66,17.65,18.93,27.75,46.80,23.82,27.73,29.40,25.13,27.58,33.01,26.98,25.72,42.24,15.54,30.79,34.13,23.63,46.96,26.03,30.70,10.30,27.21,27.80,26.01,11.00,30.23,42.95,26.61,3.16,46.89,10.45,26.45,12.95,26.97,28.17,30.91,39.92,23.18,31.14,26.92,22.99,42.64,30.43,23.70,27.79,22.26,1.02,17.05,21.54,27.39,7.30,19.03,36.36,21.07,27.91,22.20,29.14,29.41,20.54,29.44,22.08,27.71,26.02,25.37,21.49,42.60,23.85,34.36,30.61,34.43,23.64,22.77,25.69,29.88,27.56,4.38,46.63,23.42,22.84,48.13,22.29,29.43,27.77,29.39,29.51,27.30,30.14,31.06,13.57,29.01,28.59,30.38
26.05,45.62,27.68,26.72,19.90,21.33,17.38,7.95,22.25,20.39,4.41,21.48,24.34,4.31,32.47,15.07,28.06,24.46,42.30,24.15,27.37,29.96,31.60,23.26,22.97,28.25,4.96,29.71,42.37,23.27,30.42,22.36,29.13,12.19,24.54,26.96,19.52,24.13,50.99,26.88,29.26,21.66,6.75,33.17,25.06,25.30,31.85,23.15,27.77,7.12,33.55,20.64,46.91,22.52,25.13,42.88,19.75,26.32,26.37,24.34,25.79,31.46,30.63,32.27,26.76,34.04,27.18,29.04,23.25,10.52,23.73,26.33,21.29,24.06,44.73,31.22,28.62,22.07,23.95,22.64,22.58,26.03,36.45,20.88,24.57,22.65,37.74,7.82,22.68,31.00,24.53,24.85,31.24,28.30,27.12,26.49,24.13,42.90,29.38,29.51
24.39,21.10,22.70,8.44,16.47,17.40,21.62,11.25,17.57,16.82,22.26,36.72,30.45,30.27,9.40,12.10,20.78,20.77,25.04,24.86,22.01,27.00,34.65,20.96,46.07,29.23,18.25,26.11,21.44,29.71,21.71,22.74,25.55,24.84,21.84,22.30,20.35,21.41,27.11,23.83,29.47,28.61,41.39,24.57,23.40,23.29,22.03,11.46,10.28,23.73,19.98,17.29,23.86,20.58,20.43,22.38,19.10,18.34,46.00,22.97,17.08,24.30,25.26,25.38,25.64,42.05,12.27,0.91,23.46,36.25,24.74,26.47,32.45,22.98,7.94,22.03,24.90,4.41,23.50,23.27,24.37,29.95,23.08,17.34,23.41,22.02,22.72,24.86,22.69,26.32,9.22,26.17,24.38,13.51,26.10,23.34,20.44,28.85,24.20,20.77
8.67,18.94,23.18,22.74,18.49,19.64,20.19,23.34,22.07,6.08,21.61,21.29,26.45,22.62,23.09,20.88,23.22,1.73,21.94,27.20,24.16,29.98,36.02,24.23,22.11,22.70,28.49,15.03,20.91,25.20,26.74,23.70,8.19,24.12,41.64,13.50,33.28,25.28,27.35,19.60,24.60,22.24,24.25,15.71,28.12,28.41,26.80,26.57,25.41,23.10,25.28,21.04,18.80,11.67,32.18,17.62,17.20,18.74,22.36,18.79,18.90,24.15,22.40,23.88,22.96,31.22,28.16,2.88,20.82,31.04,13.90,33.15,17.90,20.93,28.61,22.95,23.71,21.75,19.38,20.31,44.24,28.07,23.43,13.68,23.00,16.79,15.99,2.93,22.70,23.68,4.34,26.14,20.76,19.05,24.99,21.26,22.85,30.57,33.79,25.16
24.20,22.78,25.15,24.74,13.67,27.35,27.94,25.21,19.19,18.83,14.94,2.10,22.41,20.75,38.00,6.92,23.80,26.18,22.40,25.64,26.49,25.06,28.97,41.20,21.35,22.71,20.15,23.56,21.99,25.07,15.86,23.53,25.33,42.43,31.59,20.17,22.41,23.05,29.80,25.61,25.66,26.87,27.38,21.74,15.63,21.79,28.01,25.09,23.26,8.08,24.03,36.13,22.97,20.33,21.39,23.84,45.39,24.76,20.72,20.97,18.65,23.49,13.72,7.02,33.37,26.70,23.94,3.94,24.77,18.50,40.38,18.09,23.62,20.15,24.38,19.90,26.22,21.08,22.12,18.34,19.25,48.60,23.65,17.76,22.18,24.22,14.04,4.49,21.44,25.69,26.41,44.32,23.85,19.28,26.78,24.83,20.27,25.43,27.44,22.07
28.47,28.62,25.26,33.15,8.54,28.51,32.18,38.12,14.77,20.15,25.61,18.60,40.14,29.50,23.72,43.90,29.05,45.11,22.53,33.02,6.32,40.72,17.63,18.04,44.73,28.16,31.17,25.59,30.88,33.37,36.20,22.98,29.26,33.89,27.93,23.30,24.11,29.22,33.70,38.87,22.94,4.90,32.19,29.68,29.78,27.25,31.07,26.46,26.06,26.30,35.71,35.49,27.48,24.95,12.01,41.23,8.06,24.93,36.95,26.85,28.93,13.53,33.47,27.41,29.90,25.75,28.85,19.23,31.67,45.60,32.52,30.82,37.58,26.52,33.63,31.28,44.33,33.39,43.83,30.30,46.35,28.18,27.89,13.01,27.24,43.52,22.15,28.64,26.20,33.38,27.61,36.97,31.70,27.88,34.24,4.35,37.18,48.06,32.37,31.90
26.14,17.65,19.31,43.97,4.88,18.40,22.75,43.72,9.15,18.06,20.11,20.42,38.06,25.26,25.66,14.59,19.74,16.29,21.82,21.08,45.06,31.74,27.01,15.13,19.97,24.43,17.83,26.86,17.69,23.29,26.01,35.13,20.80,23.19,20.10,5.05,16.68,23.59,23.17,15.38,18.85,19.63,23.35,22.63,22.33,21.24,24.25,20.91,9.22,20.25,27.92,21.95,19.85,24.65,20.62,22.34,11.27,19.86,20.10,19.79,29.18,25.19,23.80,21.40,22.37,22.30,20.44,21.20,18.52,18.14,24.09,34.18,19.39,20.48,25.02,23.34,13.69,18.86,19.69,21.49,23.49,24.24,23.99,18.75,19.27,19.76,38.02,19.69,21.88,24.39,17.61,23.08,21.11,13.09,22.97,21.86,22.48,26.44,26.45,36.53
19.80,27.19,26.02,25.34,21.03,23.59,22.52,29.50,17.05,19.46,23.44,33.41,7.83,6.93,25.68,8.17,24.28,23.40,26.02,26.50,23.54,25.83,25.35,27.23,23.69,4.93,19.19,29.77,10.79,32.65,30.91,19.81,43.32,31.38,21.98,48.21,23.62,25.25,44.50,18.14,27.59,27.64,29.11,23.97,25.12,25.01,23.65,22.03,32.99,21.83,19.44,35.28,26.48,43.04,26.16,48.58,18.41,22.08,17.76,21.34,24.34,31.97,24.00,23.49,27.41,33.25,27.84,30.19,25.68,30.74,29.01,23.32,35.12,17.75,23.91,27.41,14.16,29.25,22.85,18.63,24.98,28.41,45.23,19.22,22.82,21.39,19.00,21.94,19.68,27.50,14.76,26.58,24.02,16.13,40.68,7.36,24.58,29.74,19.13,26.62
27.46,24.91,37.95,17.61,20.47,20.50,27.97,14.42,15.32,20.05,24.38,31.14,27.01,13.51,8.69,21.23,33.34,17.62,24.50,27.98,23.23,27.09,29.61,17.59,20.28,27.19,18.55,30.69,22.14,24.78,31.39,25.32,27.11,39.19,23.08,21.09,20.60,28.26,31.78,30.26,43.34,16.81,27.63,24.31,28.44,34.24,27.62,26.27,44.15,23.53,27.64,24.32,24.18,24.46,24.74,25.36,21.28,31.88,23.57,26.75,24.78,29.34,22.26,26.60,24.87,41.44,23.42,23.33,17.37,24.00,25.00,24.41,25.47,24.85,25.90,24.95,29.12,47.76,23.08,23.22,25.73,27.70,20.29,38.18,16.64,20.12,17.39,17.84,23.80,24.96,22.18,27.49,27.01,36.51,28.03,22.14,26.11,26.66,33.24,26.16
4.96,18.80,27.02,26.80,20.42,19.88,6.05,25.00,4.64,16.17,21.19,23.04,25.64,31.92,24.20,21.08,40.30,2.90,21.95,29.47,5.45,25.45,28.09,12.13,37.99,23.13,18.11,27.63,23.65,22.31,50.38,20.99,25.23,34.61,23.30,22.87,22.36,9.64,28.80,20.90,19.63,25.16,25.79,20.92,27.23,36.25,28.41,47.70,45.51,18.82,28.52,22.67,24.26,21.68,21.89,26.41,33.91,23.68,26.70,19.46,23.95,29.72,26.82,24.04,26.20,32.59,47.12,40.61,45.77,23.77,24.56,24.07,3.25,22.94,23.39,24.72,30.04,22.44,21.98,24.05,9.44,26.00,3.68,-0.14,20.27,21.86,14.28,26.94,23.03,28.95,25.23,4.91,23.04,24.70,28.14,23.69,23.91,25.83,30.88,14.57
28.11,24.35,29.40,28.84,21.61,28.44,30.54,33.76,18.06,8.83,30.00,25.37,41.02,35.07,32.74,20.66,29.84,10.11,10.82,32.40,37.72,28.99,27.21,26.91,23.47,39.08,39.78,27.48,28.69,32.32,29.69,38.13,29.87,29.03,44.85,10.59,45.28,28.56,46.56,29.41,31.35,33.82,30.34,33.61,32.28,32.46,35.37,25.54,33.58,38.88,31.09,26.98,24.20,25.72,29.47,32.99,22.53,22.05,26.32,29.64,31.07,44.36,33.84,27.81,28.33,37.90,35.13,24.65,21.42,28.87,29.60,27.61,30.11,33.24,29.31,33.02,33.05,29.56,23.42,28.11,25.38,29.50,23.90,28.50,30.85,27.47,23.86,19.75,29.43,36.85,24.82,28.92,21.74,30.15,34.81,27.55,41.82,43.04,25.32,39.38
40.57,35.50,37.61,18.83,23.91,18.86,25.71,22.44,21.03,19.68,25.64,26.01,28.41,25.43,26.37,28.58,23.49,20.52,26.15,28.39,28.05,22.48,31.38,22.73,20.50,25.45,23.01,28.54,25.15,28.80,28.95,18.94,30.43,26.08,24.11,25.36,31.34,23.86,24.47,23.10,43.10,27.07,33.53,28.69,25.13,26.96,31.38,28.81,27.95,26.64,30.67,24.13,27.84,28.94,44.35,30.13,26.40,25.86,25.93,23.79,23.29,28.00,25.14,29.73,27.29,40.09,26.82,26.61,36.22,31.45,29.95,21.11,23.59,26.38,15.85,41.82,32.91,24.47,23.69,23.84,30.20,6.11,25.73,22.89,22.90,26.23,24.15,22.28,42.78,16.72,24.65,29.33,29.35,24.95,29.24,29.67,26.83,34.78,30.32,27.13
23.52,23.62,46.33,24.31,15.92,19.15,24.30,28.80,22.59,15.55,20.12,25.07,11.04,40.88,25.04,21.77,23.19,11.65,27.04,26.39,31.83,13.98,28.64,24.71,36.74,25.25,16.63,28.73,22.86,24.88,23.53,3.99,32.27,28.01,24.37,11.10,20.31,24.29,26.73,38.61,27.42,24.97,22.73,24.49,27.13,7.09,24.74,21.84,24.56,18.56,25.49,23.14,24.53,46.55,23.36,24.39,16.87,19.78,7.20,17.83,18.01,29.97,23.40,40.67,21.32,31.11,21.95,14.77,15.13,21.11,27.77,23.26,19.53,22.76,23.51,41.08,41.74,37.88,25.31,22.30,19.06,22.84,6.38,19.31,24.67,20.40,31.86,20.25,23.37,24.93,21.00,26.87,21.52,19.61,14.47,25.76,14.16,26.19,25.01,27.50
20.67,24.66,23.28,21.80,18.49,15.23,18.17,24.51,12.54,20.51,21.22,22.90,24.45,20.98,27.27,23.14,19.58,18.73,25.85,48.12,21.73,25.61,24.68,19.87,23.17,22.46,19.44,21.83,20.48,9.97,43.94,26.91,24.74,26.05,22.81,21.70,20.32,19.41,43.20,11.98,24.55,22.91,25.72,24.09,19.54,20.01,22.76,22.29,25.57,4.85,25.13,16.62,19.87,18.95,18.22,23.94,13.35,13.48,38.35,19.00,40.38,27.50,24.20,26.69,19.54,26.03,27.16,21.46,24.23,16.79,22.54,22.78,19.54,20.36,23.73,23.80,47.32,24.10,18.95,19.28,22.39,19.46,23.40,19.41,26.93,24.33,32.17,15.81,19.41,19.63,24.07,27.05,23.53,21.14,26.10,40.62,22.81,29.31,23.28,21.66
20.04,17.61,21.86,26.84,24.08,38.09,21.27,39.54,14.32,15.33,38.02,24.28,25.27,23.41,14.57,23.77,18.63,19.46,3.95,23.54,17.42,19.74,24.92,14.74,22.45,19.84,10.85,26.14,25.10,20.76,22.15,20.22,22.97,16.40,23.39,27.21,15.34,20.40,7.61,25.64,25.38,17.17,18.12,26.26,24.21,19.83,29.65,17.78,21.55,25.79,23.20,19.21,45.10,18.25,37.76,1.42,19.43,13.10,24.38,20.08,14.75,21.10,23.66,22.92,20.45,28.22,17.51,25.86,13.52,18.98,24.71,7.79,37.00,14.39,21.65,17.45,20.65,5.00,18.17,17.15,22.08,16.94,25.84,22.24,18.86,22.67,10.57,16.94,16.43,19.31,24.24,22.31,24.60,19.79,24.17,18.48,13.28,21.34,21.16,20.84
16.76,23.45,18.89,25.63,10.42,19.51,26.80,25.17,18.98,18.34,22.66,23.12,18.70,22.29,34.22,22.63,23.32,23.02,21.50,23.90,25.41,21.15,20.10,20.11,24.66,21.48,18.94,14.80,21.45,26.48,31.42,21.98,22.43,23.59,26.84,22.19,21.84,21.92,27.40,27.12,32.18,27.04,20.00,24.86,21.54,20.98,27.77,18.61,25.22,24.97,25.75,19.27,20.36,16.41,38.07,16.87,19.95,20.90,2.25,10.49,26.48,42.88,23.20,21.01,20.18,27.52,27.02,17.58,5.83,21.33,23.34,7.52,12.75,18.44,23.68,32.17,27.30,25.80,21.71,25.19,40.55,20.20,24.83,14.90,21.02,17.29,18.90,9.18,25.14,30.13,22.34,43.14,21.32,20.77,22.28,23.37,18.68,24.19,35.55,20.61
21.26,28.44,28.05,25.02,47.29,21.47,34.92,27.38,11.87,22.39,38.66,39.28,11.10,48.50,10.70,29.52,28.11,23.34,28.45,30.55,29.09,30.31,48.49,38.01,4.90,30.37,26.06,29.33,28.54,29.95,32.57,23.80,28.36,30.95,26.45,46.14,44.82,29.13,33.08,4.46,30.12,27.32,29.70,30.30,30.32,31.05,32.47,26.20,27.27,24.58,31.10,44.41,16.92,24.73,28.87,28.65,5.33,25.63,28.42,26.55,4.26,30.54,31.85,28.18,34.55,38.87,26.60,34.40,15.39,28.21,28.63,36.90,24.92,24.10,33.30,3.74,31.03,25.78,25.15,26.64,23.12,1.10,30.27,21.14,43.79,30.20,20.38,26.53,29.02,30.74,40.74,29.80,31.14,39.00,46.46,27.88,27.19,30.11,31.23,32.72
22.04,21.08,23.95,19.10,24.29,16.16,36.29,25.71,16.54,17.33,22.01,20.33,30.63,11.87,24.38,17.33,20.74,46.25,28.07,25.82,24.02,10.27,24.81,20.69,21.87,24.43,31.12,36.97,21.65,33.23,46.85,24.77,34.60,22.56,20.93,24.61,20.55,23.76,25.91,30.51,24.17,18.57,19.48,11.45,18.75,23.82,6.50,24.36,30.67,20.02,23.77,5.42,14.77,19.97,20.71,26.18,19.60,21.61,21.13,19.24,18.48,44.20,28.14,16.23,21.21,27.73,21.77,23.35,10.30,18.29,24.76,21.81,17.93,5.25,6.12,28.28,12.92,23.74,19.47,19.50,42.88,27.61,19.36,10.32,23.51,19.85,15.39,19.70,22.30,27.09,21.83,27.49,25.89,20.37,28.14,21.28,20.08,23.34,28.01,31.56
26.56,25.14,22.32,23.09,21.89,25.38,8.88,27.30,20.41,19.74,40.12,24.63,24.19,26.15,1.23,-0.77,25.22,21.89,21.52,32.98,22.07,18.83,26.76,25.36,24.22,30.39,20.39,25.25,29.95,16.61,39.73,36.47,29.38,30.45,35.95,24.35,13.05,26.01,32.58,36.24,26.53,24.81,41.43,5.13,25.13,26.05,25.97,4.48,25.60,26.41,27.53,26.58,25.21,15.08,22.38,28.96,22.09,29.61,23.93,6.69,24.69,29.89,22.96,26.18,49.91,34.25,38.20,38.46,26.63,23.03,31.61,25.59,21.94,24.19,31.52,49.89,7.56,4.74,28.42,24.76,28.43,26.80,48.71,18.27,23.26,19.98,9.32,22.47,26.68,25.08,44.39,28.48,36.72,22.93,27.72,25.49,37.70,26.34,25.24,7.13
27.54,30.95,22.32,25.00,21.89,20.49,28.60,25.69,20.65,19.23,20.35,49.94,26.32,30.10,27.98,23.33,42.31,21.47,29.50,21.06,28.96,29.39,5.90,25.65,22.79,30.46,20.38,30.11,7.09,22.82,31.30,31.67,29.07,31.98,13.54,23.88,25.13,24.34,29.23,25.18,46.40,37.66,26.53,32.25,27.64,27.72,22.17,28.20,24.85,21.32,28.84,37.22,27.23,35.61,15.84,32.25,20.71,26.93,17.43,26.13,24.76,27.80,28.20,25.63,24.21,37.20,25.77,37.57,30.49,22.26,22.26,24.18,23.39,3.53,41.14,29.13,25.19,28.78,16.01,27.52,26.82,47.29,26.55,21.55,23.95,24.94,17.47,22.07,22.08,34.48,21.90,30.10,28.32,34.49,31.84,29.27,25.91,24.45,33.19,27.42
27.64,27.33,9.06,26.32,22.96,21.17,24.58,29.96,21.18,19.69,24.01,42.64,46.81,27.72,27.95,25.56,28.52,45.29,29.13,28.39,8.76,12.74,29.87,29.63,24.41,28.83,21.20,48.02,24.70,29.63,28.90,20.31,25.02,27.84,7.21,24.59,25.05,29.11,31.01,24.91,27.32,15.82,21.44,28.55,30.56,39.45,29.05,24.43,24.34,8.31,13.24,1.29,39.29,37.88,9.34,38.52,22.79,27.52,28.29,25.32,36.53,33.54,44.85,27.02,29.69,32.23,11.42,26.70,15.26,27.86,25.66,24.79,42.85,26.07,29.35,22.80,28.58,26.50,25.73,22.65,24.19,29.65,24.84,21.77,29.67,23.19,21.65,23.79,5.74,28.64,45.60,30.70,28.66,37.36,27.17,42.77,27.55,10.17,28.23,27.60
4.72,25.97,24.25,24.81,18.14,9.35,28.93,25.01,34.46,19.19,22.20,2.96,27.41,28.39,27.28,24.82,42.76,20.08,23.41,23.70,23.30,32.69,44.18,24.34,22.69,34.63,15.58,26.96,23.79,28.10,26.20,34.76,24.12,28.97,40.73,9.74,36.89,23.35,42.94,20.79,23.83,12.68,25.59,45.20,18.56,26.43,23.58,24.39,20.56,23.02,31.96,34.13,25.97,22.17,23.81,14.48,19.39,25.51,27.79,23.12,23.01,30.31,34.87,26.17,26.56,30.63,24.30,25.15,22.28,1.02,29.25,23.82,20.26,27.33,25.88,27.07,27.47,26.48,18.84,37.71,26.22,28.47,26.01,20.19,17.67,10.69,18.00,21.13,20.33,29.11,26.01,27.53,28.05,25.39,14.93,22.09,24.47,28.02,15.90,29.84
11.66,31.48,28.69,26.49,18.34,23.12,51.25,29.13,19.81,17.84,28.51,45.43,25.77,31.05,21.97,21.95,15.95,23.93,29.22,33.61,22.31,31.57,42.05,8.51,27.23,26.42,27.64,35.22,27.43,30.23,7.11,28.24,25.77,27.74,27.88,27.62,24.64,27.45,31.17,20.50,29.71,26.57,13.87,29.03,27.61,28.92,28.59,28.31,28.79,18.95,30.95,23.11,31.66,22.73,44.32,28.15,31.00,11.94,24.62,27.49,23.99,31.22,24.32,24.65,15.06,34.65,21.86,28.02,42.17,31.33,26.15,42.76,24.20,17.26,24.53,32.73,30.97,18.80,2.60,24.57,47.16,40.14,26.94,3.36,27.76,27.11,19.99,34.90,28.22,33.08,22.81,29.80,46.10,21.22,31.87,29.97,21.51,38.71,32.04,32.35
25.21,23.58,27.40,27.70,24.73,41.68,19.76,31.69,4.51,18.23,11.52,17.60,27.88,16.50,23.35,-0.13,24.11,22.16,25.62,24.59,37.98,24.29,28.08,26.53,20.03,24.81,20.98,27.45,22.04,30.33,27.60,26.21,25.86,27.46,24.39,19.22,11.57,24.08,23.80,35.12,30.09,22.41,33.30,18.33,23.74,22.06,30.10,33.55,28.99,19.73,30.33,33.47,2.43,17.40,25.26,26.69,19.44,32.81,26.06,24.63,3.63,29.96,21.19,25.88,33.24,31.15,32.77,24.81,23.12,17.27,30.45,24.83,23.25,27.33,22.61,29.52,15.11,23.00,26.63,21.93,22.41,31.47,35.74,21.45,14.20,21.74,19.03,25.23,22.58,35.67,25.00,31.17,26.26,14.81,25.37,24.91,29.61,29.17,26.54,27.93
2.68,29.06,24.37,26.61,21.47,24.27,28.60,25.86,20.84,35.80,23.81,21.30,29.86,26.93,25.60,23.28,2.87,40.49,25.52,26.06,21.85,27.36,28.71,30.95,24.03,20.24,7.28,27.59,22.52,28.88,27.15,26.93,41.02,10.48,27.16,25.21,11.62,30.06,23.93,20.82,27.22,28.80,25.02,28.16,30.63,22.73,26.64,27.65,23.18,21.23,47.97,34.70,23.21,21.71,51.07,18.29,20.64,26.03,24.56,34.25,6.21,31.83,35.93,29.20,30.01,35.13,20.33,25.80,32.71,24.34,35.73,43.64,11.13,12.69,28.21,27.95,32.61,6.62,20.08,23.86,26.60,26.85,23.47,22.74,10.19,21.39,22.18,17.51,23.45,28.36,25.44,44.95,28.78,24.77,11.33,23.53,21.63,14.46,35.44,27.67
25.16,20.99,25.79,25.60,20.13,13.99,29.44,24.52,17.01,6.37,20.25,28.42,14.55,21.34,24.95,19.39,5.60,23.92,21.57,27.93,18.87,23.77,28.96,20.83,37.58,37.14,19.02,27.89,28.98,25.15,39.85,32.33,20.14,26.11,29.17,20.63,9.29,24.27,25.62,20.61,27.53,23.48,28.83,28.39,26.66,25.32,26.70,21.05,25.27,21.09,30.52,25.66,26.73,11.65,23.61,27.65,19.18,24.87,21.05,24.05,22.67,46.57,30.90,25.43,24.91,27.95,17.35,21.57,14.07,23.09,31.52,42.38,22.62,37.24,15.02,24.24,18.96,25.25,25.06,25.99,22.42,28.05,21.07,14.38,20.01,23.35,18.10,18.72,22.05,28.78,34.56,21.84,42.76,23.12,21.32,24.90,14.28,35.12,29.21,19.15
24.32,20.92,23.41,25.05,20.74,16.38,41.53,23.18,19.32,15.53,16.41,18.50,19.54,19.76,20.44,22.46,16.41,22.05,20.33,33.76,13.76,23.27,23.38,20.98,23.49,25.65,24.25,25.93,19.71,29.10,21.75,19.41,25.66,28.15,22.74,20.58,17.90,24.27,27.83,21.37,23.14,20.45,22.09,22.76,23.90,23.22,27.12,24.48,37.01,19.39,26.97,19.90,18.74,19.22,21.65,32.67,22.62,17.21,17.62,22.85,23.11,23.91,23.75,22.10,19.53,31.71,24.19,20.97,20.75,16.04,22.08,26.84,16.77,33.17,7.76,20.16,27.30,42.31,22.42,24.09,34.24,30.02,23.28,20.91,26.44,21.96,11.80,23.33,23.10,26.66,21.67,24.55,46.11,22.70,16.27,25.05,24.13,29.85,26.70,22.84
25.25,27.59,28.66,45.93,20.98,22.91,29.66,28.24,17.61,19.01,2.37,22.71,26.72,27.23,25.05,23.68,28.84,25.74,30.68,9.11,27.25,44.76,48.67,29.62,27.75,27.69,7.18,30.66,30.48,34.27,27.88,29.70,29.01,42.27,6.00,39.36,21.05,16.91,29.11,22.59,27.46,24.43,29.00,28.52,18.09,24.79,36.04,26.53,24.61,24.64,27.27,15.53,24.41,25.03,14.31,30.79,9.74,28.75,20.03,24.02,24.29,32.05,37.44,34.01,37.57,35.63,7.20,33.16,26.96,26.65,32.44,21.99,23.09,26.80,28.34,26.48,31.58,24.98,30.65,47.46,25.43,27.72,10.04,20.13,22.95,22.07,19.67,18.22,23.14,37.65,19.42,27.42,35.97,22.85,27.61,22.93,22.78,32.53,25.76,24.79
21.64,21.40,21.62,20.84,18.91,13.77,23.35,18.57,37.77,18.39,8.26,0.92,2.47,20.58,18.82,20.22,21.12,22.51,19.50,20.42,22.94,23.02,25.20,40.12,21.60,21.75,22.75,11.32,21.92,34.11,21.72,15.84,20.75,20.61,47.11,30.14,21.01,39.73,20.16,17.41,29.36,3.02,23.65,22.68,23.08,15.42,23.27,23.59,13.21,27.97,33.49,21.72,22.19,21.67,20.66,23.31,18.85,28.06,17.29,17.00,18.34,5.39,25.98,20.02,19.82,22.88,21.68,18.85,20.65,21.55,20.52,16.17,21.48,22.54,20.25,26.02,24.37,20.12,19.70,22.63,24.07,28.54,20.49,16.90,42.40,19.86,16.20,18.51,3.01,16.27,16.43,21.61,10.75,19.57,22.80,2.83,21.45,22.24,24.87,20.75
40.88,24.35,21.68,24.54,14.22,19.48,21.97,26.47,8.22,20.96,23.31,22.70,40.80,18.40,25.75,25.43,14.67,20.02,6.10,6.05,24.65,22.99,38.85,23.64,2.14,27.55,29.61,27.14,39.82,24.10,22.86,19.77,22.10,26.93,22.18,20.49,21.85,33.73,30.28,20.48,28.10,25.66,28.05,19.34,24.38,23.69,25.94,11.29,22.83,18.51,27.40,7.52,24.85,14.69,22.43,23.68,17.11,16.58,6.91,35.67,18.85,40.85,23.15,24.00,23.08,29.01,23.81,26.60,20.95,21.43,18.71,23.50,22.78,21.11,25.01,25.81,17.46,24.36,13.27,12.61,19.03,18.99,20.83,47.42,20.80,4.17,19.48,23.20,32.01,33.85,45.00,29.42,23.14,22.06,25.03,6.63,24.79,22.01,28.61,24.24
23.85,23.91,28.32,27.19,23.52,14.80,25.56,32.58,18.67,35.87,23.45,24.48,26.09,21.86,26.90,25.18,28.80,24.48,35.75,47.72,23.43,29.08,8.06,26.30,20.19,28.94,26.70,29.07,9.88,12.78,45.26,23.52,32.15,43.88,28.06,17.83,24.50,26.26,27.83,26.17,38.15,11.04,46.81,25.34,28.08,26.80,20.52,24.33,26.27,20.03,37.71,25.68,11.13,27.03,21.57,27.53,20.53,26.67,21.75,25.99,22.85,29.34,26.26,24.96,29.05,29.16,24.97,28.27,26.25,25.69,24.20,40.81,28.81,21.94,22.40,25.47,28.74,20.35,19.28,1.54,35.01,24.08,30.92,24.76,22.01,5.88,19.45,35.65,22.73,32.96,22.31,28.44,14.85,22.57,27.60,30.10,23.74,28.12,29.19,13.13
25.73,24.19,39.60,28.00,24.70,15.56,26.35,30.80,12.72,6.11,22.81,25.89,26.88,14.89,26.84,23.58,26.13,24.89,25.84,27.72,39.91,25.16,26.83,26.70,26.32,27.67,19.62,29.82,-0.04,14.87,48.62,21.47,23.99,35.02,24.85,25.01,2.89,27.15,11.03,2.95,48.16,28.57,25.59,25.97,25.55,26.23,20.98,40.55,24.87,21.96,34.68,25.30,24.33,34.38,17.40,26.75,21.95,32.04,26.80,37.58,26.39,3.58,23.05,26.92,28.39,32.79,6.57,48.95,43.77,26.72,26.50,41.76,23.56,23.07,28.96,25.53,26.44,28.64,21.19,20.84,19.56,45.27,0.56,17.22,25.37,37.56,20.45,24.84,25.96,3.94,7.09,3.77,28.00,23.78,40.88,23.77,26.98,29.73,25.27,17.77
31.97,33.75,10.95,28.76,37.35,20.02,35.27,46.05,29.00,21.07,18.53,14.05,16.48,27.22,31.25,26.09,35.09,27.12,24.56,32.98,25.14,29.38,33.91,26.57,19.46,27.07,17.73,32.19,37.71,32.03,33.71,37.21,26.47,32.59,33.06,25.11,22.82,22.78,31.10,30.63,31.37,29.81,39.34,29.31,31.16,30.83,34.50,32.90,24.05,27.02,31.08,25.62,23.56,23.74,31.56,32.92,21.62,27.12,28.94,19.88,32.85,29.08,33.37,43.79,27.84,30.26,27.22,51.44,27.83,31.33,30.19,26.54,21.09,23.97,28.22,44.64,28.29,25.53,23.97,29.06,28.14,32.03,41.96,23.77,27.82,26.62,8.90,11.49,29.03,35.41,31.49,29.92,33.18,26.13,29.15,31.10,23.69,31.46,28.99,30.91
17.51,35.72,30.16,26.51,25.92,19.09,33.40,34.63,20.29,22.57,24.35,26.97,41.06,26.20,38.84,27.48,32.05,28.01,47.91,29.13,34.82,30.57,32.64,29.91,27.49,31.83,22.38,32.11,18.80,28.04,48.35,24.57,27.65,25.71,29.73,27.80,26.98,30.60,37.69,23.53,30.01,29.50,33.80,38.56,28.15,4.60,9.52,44.96,23.63,28.03,29.39,28.16,28.55,25.13,27.95,18.72,19.89,28.24,25.60,26.28,27.75,19.56,30.01,26.47,29.85,32.72,28.12,45.52,28.61,27.15,31.08,27.91,25.32,7.53,33.43,42.51,46.43,27.05,27.46,27.55,30.72,17.72,45.66,21.66,23.54,22.20,40.46,27.82,29.58,28.38,27.89,42.63,29.92,25.36,25.78,30.47,27.86,32.08,33.44,28.24
26.97,28.73,25.20,41.95,39.76,39.36,20.72,7.98,22.43,19.56,20.91,28.90,29.76,29.03,7.29,26.36,27.82,25.19,30.26,30.89,22.06,48.07,31.78,28.06,24.96,46.13,20.41,30.59,26.04,32.61,26.60,25.63,27.64,8.40,32.32,44.78,42.47,29.35,43.41,24.99,40.58,29.35,28.52,45.33,23.91,23.15,4.83,25.62,31.36,23.53,35.56,22.89,24.96,13.89,21.67,31.91,31.42,24.54,24.22,21.14,37.24,33.67,42.37,24.61,49.43,35.61,23.83,30.89,26.96,22.71,31.37,6.77,26.52,22.60,27.52,6.79,2.91,8.54,28.51,10.82,24.91,20.93,29.39,25.85,28.31,45.18,19.24,13.82,28.01,33.25,26.08,26.98,29.77,42.08,28.77,31.09,25.37,35.10,28.49,29.99
26.43,25.51,26.02,34.79,24.38,40.61,14.34,46.33,18.18,21.39,17.94,24.80,31.05,27.66,28.44,39.66,25.22,20.98,24.45,28.24,26.67,31.56,30.00,19.55,24.12,27.25,18.12,25.72,38.85,27.72,25.86,23.71,32.80,28.02,25.76,28.60,21.95,27.88,37.49,25.75,24.36,26.74,15.59,24.55,40.17,26.33,29.93,31.55,33.46,20.74,37.65,25.70,28.83,20.50,24.06,26.33,20.67,14.16,19.45,24.72,27.30,33.53,25.54,37.14,29.89,24.69,28.12,8.50,20.61,22.02,30.16,8.72,27.68,27.35,26.85,29.99,29.63,26.72,40.50,26.68,25.81,29.60,38.97,20.34,26.01,23.53,20.30,21.49,25.43,33.23,25.71,29.04,39.86,28.09,30.59,24.62,4.75,31.62,30.54,25.01
3.63,24.71,26.95,27.73,2.97,20.68,29.41,31.72,22.97,47.39,25.70,26.32,31.63,27.28,22.75,24.07,30.40,18.66,31.76,33.76,27.73,31.17,51.86,23.49,20.62,9.48,12.53,35.45,29.34,27.44,33.82,26.02,30.71,26.31,29.32,25.70,22.59,27.56,26.96,4.75,37.23,37.88,13.99,28.96,39.28,49.28,32.67,31.17,27.62,24.96,27.97,25.81,28.40,24.73,30.46,32.39,44.54,21.04,23.62,24.98,46.93,26.84,23.52,24.08,24.98,35.22,27.59,27.02,28.59,6.45,32.37,20.24,1.82,27.07,31.28,28.04,28.26,29.58,25.20,23.58,32.77,39.81,26.75,19.22,48.86,20.55,13.44,25.19,34.98,38.02,28.03,34.35,44.64,25.34,32.29,27.50,25.68,5.91,25.40,24.29
30.85,38.86,44.91,13.40,19.18,17.68,21.52,29.69,12.00,18.21,23.58,24.46,26.13,35.28,26.32,22.13,37.28,20.10,23.57,24.00,27.73,26.86,25.57,9.83,19.70,25.20,17.35,26.23,27.74,26.90,22.47,21.52,26.61,25.63,20.94,13.21,23.42,18.92,19.09,24.00,30.49,25.10,26.49,25.29,28.53,42.08,29.49,21.33,22.40,4.78,24.21,32.52,6.77,31.80,34.45,24.93,21.17,24.57,21.97,19.81,21.08,26.72,25.20,23.37,21.21,29.58,7.33,24.01,24.05,22.73,23.88,27.40,18.09,27.30,28.76,24.85,1.03,51.32,18.43,21.69,28.73,25.32,31.35,19.57,1.72,26.24,18.12,28.63,43.93,25.84,32.41,25.05,24.99,27.41,26.08,23.63,20.72,24.22,34.53,20.88
44.76,25.07,23.32,25.30,4.12,5.91,24.32,26.26,21.31,21.29,22.49,7.85,24.16,50.25,26.77,25.16,38.70,19.72,27.87,24.08,27.86,23.61,26.79,21.34,23.82,24.45,22.82,27.58,44.84,28.61,24.78,25.59,23.75,28.75,26.51,25.56,20.56,23.87,26.18,23.17,25.00,23.22,23.38,22.76,26.38,27.77,26.78,25.96,16.27,20.69,33.47,22.45,46.71,18.79,25.34,14.73,36.71,21.89,24.33,4.52,23.99,22.83,21.27,21.33,11.04,35.39,39.03,27.47,19.84,23.72,24.19,23.01,2.64,24.15,31.06,26.73,25.17,22.94,21.50,39.48,19.42,28.16,20.96,3.03,32.18,22.01,23.08,21.11,21.90,28.46,35.16,27.90,29.93,21.54,23.68,23.69,25.58,32.26,23.21,27.00
24.87,22.13,21.20,26.12,9.20,16.99,22.12,16.81,13.55,19.75,41.23,49.63,9.18,21.81,20.48,21.78,23.52,22.02,10.69,36.74,27.13,22.85,35.26,25.03,21.45,23.16,14.81,34.28,16.60,21.89,13.01,29.91,2.28,21.51,24.98,39.80,6.43,34.80,39.10,24.68,27.52,21.31,24.60,25.58,24.93,18.49,29.55,25.13,23.92,13.57,25.21,24.57,36.85,24.01,7.41,26.02,23.49,15.92,24.06,23.19,20.75,47.36,24.37,22.01,20.38,30.85,41.26,4.96,23.18,27.37,23.23,24.29,20.71,15.46,24.55,23.77,25.53,22.99,15.74,12.10,25.93,32.64,20.83,17.58,19.55,19.41,23.08,23.26,24.41,29.52,28.20,35.07,27.79,20.30,31.56,23.08,22.63,29.65,10.46,45.44
19.08,17.65,21.55,27.33,16.57,12.47,23.32,16.45,14.84,17.55,21.40,25.17,27.18,18.11,24.54,22.25,19.10,22.28,46.96,27.71,25.28,26.49,48.73,13.32,19.42,23.91,22.45,24.74,28.24,24.47,24.97,2.46,20.42,30.66,15.66,18.32,21.15,20.83,22.79,22.28,39.82,20.97,15.65,23.97,28.29,9.03,22.95,35.26,23.73,17.22,28.38,24.39,25.39,6.17,23.23,22.32,19.87,43.18,14.93,16.82,19.85,28.74,9.37,15.56,24.76,27.17,36.18,22.23,23.82,20.86,24.51,20.40,3.25,21.62,42.69,25.83,41.36,24.33,22.55,23.86,19.19,23.71,15.00,19.68,23.29,22.57,37.97,20.71,21.10,25.31,19.17,29.68,24.89,19.49,30.87,21.27,22.50,26.11,49.18,24.84
25.26,24.27,24.26,42.31,20.64,18.32,21.52,27.84,12.14,5.55,23.02,45.95,25.64,35.84,26.38,13.34,27.04,23.56,26.12,22.93,13.43,38.38,25.92,39.02,23.85,24.49,8.83,28.14,1.94,25.42,23.41,23.18,22.90,26.59,28.99,25.79,25.27,22.57,6.63,17.20,26.98,20.90,30.61,-1.75,33.22,25.62,34.58,26.57,26.85,39.59,26.75,25.27,45.48,21.76,21.93,26.63,19.03,22.94,14.33,23.12,20.44,6.33,38.23,24.41,37.07,41.45,23.51,25.50,20.27,22.47,12.31,15.06,22.95,26.08,41.69,28.13,26.24,22.05,20.27,28.78,38.52,10.94,22.53,7.34,24.52,24.07,19.81,23.81,21.93,29.16,20.75,27.30,27.05,26.42,25.08,26.34,27.58,27.74,30.02,27.26
27.17,26.63,31.14,26.82,20.01,24.80,9.09,31.94,43.95,19.15,31.22,24.11,31.69,23.19,28.22,29.86,24.45,21.33,19.96,29.52,28.17,6.14,29.99,27.73,28.35,27.95,25.51,26.63,26.31,32.94,25.12,24.67,29.73,4.02,26.40,27.80,22.16,22.55,15.75,29.17,33.40,26.40,29.12,45.59,29.03,26.99,36.59,26.90,7.89,22.52,29.19,46.77,28.13,37.86,23.19,27.97,-2.65,46.21,37.33,8.40,25.37,29.76,36.05,27.42,30.91,35.29,41.47,28.30,45.50,25.73,25.99,26.04,22.27,24.53,43.34,34.42,29.98,23.99,22.58,39.40,27.27,24.46,27.06,17.27,44.45,27.16,20.12,21.75,21.19,32.00,29.36,26.79,26.32,10.84,17.47,27.91,46.73,25.02,31.50,38.40
26.00,25.62,3.30,48.79,20.93,15.59,31.27,28.71,29.24,42.57,24.75,28.59,26.24,32.25,23.57,32.06,35.20,23.24,25.05,25.91,21.91,47.46,24.78,25.04,2.80,27.59,18.74,30.09,23.12,25.22,24.00,20.93,22.10,42.63,22.47,26.68,32.87,25.35,27.39,19.93,7.57,21.74,22.71,26.49,17.40,22.62,48.98,20.43,24.14,19.73,19.62,8.72,46.94,19.81,24.98,23.60,36.30,20.91,24.45,24.01,22.75,28.89,25.45,9.69,22.15,29.28,24.21,23.74,24.22,25.54,25.79,24.00,17.51,21.65,20.48,27.85,28.14,23.14,26.33,24.34,24.96,27.66,23.68,19.77,17.47,21.66,19.60,4.18,31.90,20.49,21.05,23.76,21.35,25.03,22.02,17.74,12.50,25.30,28.89,24.95
27.78,28.83,23.60,27.59,23.23,21.25,43.51,31.45,20.47,24.73,26.75,28.08,29.37,40.59,30.43,44.77,28.04,28.75,43.94,29.78,23.99,27.47,32.54,24.54,9.48,31.04,31.94,34.56,33.97,29.87,26.67,18.21,14.02,30.39,29.10,26.16,29.58,28.01,29.63,17.10,33.77,13.92,13.63,22.32,30.34,19.70,29.83,39.17,20.96,28.35,31.50,24.07,25.15,22.97,24.06,39.84,22.57,30.32,17.06,23.95,22.36,26.55,26.82,28.62,24.20,23.67,28.14,24.57,26.92,23.52,31.25,30.98,7.81,24.24,26.92,23.51,32.20,18.33,21.91,27.21,27.63,29.23,24.43,14.22,40.89,23.56,26.75,45.83,17.02,29.70,25.74,23.88,26.97,30.27,46.63,28.08,26.41,28.58,27.06,26.14
22.04,25.29,27.47,6.37,17.82,1.36,19.20,25.99,21.84,18.01,48.64,23.80,25.87,26.92,27.75,25.25,26.68,47.21,23.88,25.42,21.05,42.13,29.79,25.09,26.00,11.29,18.20,26.72,25.07,26.83,27.19,26.28,26.56,27.79,24.41,40.67,21.80,27.13,30.61,23.28,30.47,27.34,27.38,28.34,32.53,25.47,30.83,23.49,23.54,43.89,41.89,21.56,25.08,12.56,25.30,25.25,18.48,25.50,26.85,22.27,22.64,43.35,32.82,24.92,27.84,31.59,23.78,11.65,25.88,22.71,27.54,7.19,22.15,21.84,27.61,26.07,27.42,23.32,25.60,22.14,22.00,26.73,28.55,3.50,2.46,25.98,19.42,49.48,25.24,27.12,4.31,39.21,25.75,33.85,48.21,26.82,31.02,28.24,12.96,37.84
28.09,43.07,45.30,28.13,21.77,16.50,24.77,28.75,22.93,18.89,26.42,23.64,28.02,13.26,25.57,19.48,10.76,27.42,24.72,26.94,21.08,23.59,42.99,18.28,25.29,27.07,31.20,30.21,26.55,27.81,32.61,5.55,44.30,28.01,30.33,25.64,43.47,27.98,29.09,23.11,29.59,22.98,26.65,38.68,25.40,25.15,28.08,26.05,25.97,22.77,29.12,28.89,24.70,21.79,25.56,15.52,24.85,28.45,22.64,24.48,25.74,43.11,27.94,11.64,26.23,26.72,23.33,21.46,26.40,25.72,29.33,11.64,37.75,26.65,34.13,28.16,31.80,47.82,21.67,5.97,24.59,14.41,25.62,23.33,26.01,21.61,21.62,16.88,41.89,34.14,32.48,32.66,29.36,22.99,27.83,24.49,23.62,31.37,27.08,29.61
37.68,43.53,21.37,15.60,1.09,10.18,35.85,23.23,0.70,11.59,14.76,20.13,13.31,18.23,15.42,18.83,18.62,16.53,15.94,15.06,19.81,19.57,9.56,8.90,19.19,19.91,16.83,24.28,20.48,22.28,16.80,17.55,10.16,21.85,19.10,6.24,16.27,23.94,18.72,20.78,21.38,16.49,23.60,22.41,16.09,15.71,27.15,15.68,19.65,19.40,21.83,18.44,18.87,18.23,20.12,20.49,18.85,15.55,17.28,17.30,17.99,13.01,21.62,22.88,19.11,22.59,11.27,21.38,17.34,23.06,34.87,15.02,14.16,16.29,18.78,19.52,24.03,15.85,14.57,19.89,19.58,22.69,6.09,24.96,16.29,4.33,-0.37,13.02,19.64,27.08,22.49,45.05,20.87,36.39,23.01,15.53,18.65,22.19,9.08,20.40
30.03,24.41,32.41,8.56,20.11,18.27,22.50,22.99,20.02,23.80,21.96,25.00,31.36,26.78,31.35,20.11,27.73,25.26,22.77,28.25,24.62,16.27,28.96,22.12,22.79,19.99,20.55,31.33,25.48,33.29,5.83,12.20,38.26,25.92,8.49,24.40,24.19,22.54,30.02,26.04,28.13,23.23,26.45,30.60,29.00,25.15,30.14,18.48,28.93,10.13,25.86,14.59,19.86,40.14,24.96,40.26,18.58,22.46,21.33,24.51,20.59,26.64,25.87,26.96,26.83,39.24,20.38,23.80,38.49,25.51,26.98,23.86,24.72,28.88,14.85,25.30,28.45,24.59,18.86,24.99,21.40,25.24,22.47,21.38,22.86,15.30,22.10,46.00,23.49,27.69,21.76,28.07,31.80,20.98,23.58,23.57,31.36,25.27,27.98,25.28
27.60,24.60,36.01,26.84,21.31,18.83,23.40,35.17,20.55,13.25,26.51,5.83,27.43,28.27,44.60,22.69,23.58,14.07,22.85,17.76,23.31,31.70,25.19,40.13,26.38,29.40,12.23,29.17,46.25,32.06,29.66,49.65,25.08,28.70,35.80,26.98,25.03,25.54,32.65,24.90,8.15,26.66,29.35,28.56,28.06,26.93,30.26,25.86,32.67,23.38,23.94,35.59,29.63,26.72,22.83,40.68,22.33,26.58,25.03,19.23,42.35,30.15,33.59,21.75,39.41,28.76,20.74,28.67,28.41,24.60,50.05,28.31,21.47,28.04,28.53,18.18,28.60,25.31,24.79,42.93,1.15,27.47,27.76,21.97,29.81,22.11,21.09,25.62,10.52,30.02,38.65,35.34,26.65,35.31,31.45,25.88,25.71,28.97,32.20,30.47
21.37,22.83,18.44,24.71,16.92,15.54,22.88,5.44,17.95,30.54,21.86,26.83,14.59,22.09,27.10,14.19,27.86,19.29,22.33,22.31,18.74,39.30,29.47,26.31,22.33,23.14,7.29,21.05,24.48,24.95,22.56,23.71,29.14,24.05,26.84,24.32,19.56,24.41,23.99,26.23,15.28,22.63,37.70,23.96,13.14,19.26,45.03,2.84,22.61,15.77,11.71,26.34,23.25,18.30,19.08,28.29,9.66,24.02,43.53,27.11,20.72,24.65,22.95,22.49,20.34,41.57,20.48,25.59,20.92,21.05,28.39,18.84,18.25,39.47,22.30,24.15,41.45,25.48,24.12,48.35,20.33,25.34,21.00,22.59,22.68,21.98,13.54,19.89,20.93,26.12,19.94,24.89,24.51,7.16,16.50,15.27,23.40,28.65,21.79,21.45
20.28,23.79,19.04,21.00,35.19,19.35,29.60,25.58,18.35,16.12,20.40,3.53,25.29,20.86,47.60,19.82,22.27,38.53,20.41,25.09,21.10,14.38,41.56,43.17,18.09,25.00,14.88,27.00,28.63,28.42,23.48,16.75,26.73,22.49,26.34,26.84,17.44,23.88,22.65,29.95,26.57,24.10,28.48,14.94,22.51,20.16,25.81,23.56,18.12,10.85,29.33,20.99,22.99,19.62,19.48,24.66,21.99,21.89,22.13,31.64,6.98,29.27,23.18,23.89,26.04,30.34,21.54,23.83,20.46,19.86,22.18,23.67,19.17,20.93,24.78,20.61,27.52,14.86,19.25,20.50,26.00,37.22,24.40,23.78,21.61,20.89,20.83,20.81,23.19,24.94,22.03,23.07,23.72,6.08,28.01,23.83,22.04,25.60,31.94,26.14
23.99,27.67,23.53,48.68,19.87,19.55,21.96,32.51,18.00,3.44,24.37,24.49,25.09,27.90,26.31,24.30,27.47,24.40,21.51,31.49,22.26,23.83,30.28,22.42,38.69,28.24,17.92,28.78,26.69,32.92,27.81,34.69,15.29,21.93,26.75,47.29,-0.16,28.89,27.09,25.07,28.63,29.75,29.55,26.55,26.46,22.75,24.75,43.11,23.31,26.17,25.62,21.62,24.56,21.97,29.35,25.32,20.65,26.57,37.72,20.18,20.14,25.64,32.26,22.84,24.43,26.76,18.33,24.72,27.28,22.79,29.12,7.03,33.19,22.33,25.28,47.48,25.52,28.62,25.98,49.41,22.86,27.46,21.44,19.85,3.30,21.46,23.24,21.27,19.91,18.80,38.50,28.48,15.82,18.51,29.64,26.63,23.24,30.10,28.82,26.94
22.66,25.11,27.37,26.70,19.84,13.45,26.14,19.31,15.08,18.91,27.20,24.75,26.83,37.86,25.01,17.98,24.22,21.23,27.23,27.21,23.95,29.97,25.15,26.99,39.59,27.97,20.11,22.46,28.55,25.56,30.45,17.52,46.29,16.93,29.79,24.22,29.59,25.60,36.28,18.26,26.32,43.44,27.46,26.66,29.48,24.93,17.72,7.48,22.84,22.34,34.12,30.23,25.94,24.61,25.59,26.66,18.63,10.52,26.54,25.02,22.92,27.83,27.17,27.78,24.53,41.59,23.15,16.29,12.93,12.21,21.38,15.97,20.51,25.49,29.90,8.78,27.70,22.86,22.28,24.82,24.71,32.37,20.71,23.28,34.92,19.74,24.13,23.29,22.98,37.47,21.06,30.97,29.33,22.22,26.08,25.78,20.58,28.45,32.79,23.50
24.18,21.77,1.48,22.86,18.95,17.37,21.82,13.02,17.94,14.85,10.40,38.10,21.97,25.97,20.70,19.44,19.62,20.52,22.91,19.99,18.71,20.59,5.51,16.12,21.96,34.80,23.20,20.90,21.58,17.23,22.59,22.56,23.69,22.16,23.46,7.55,20.07,24.05,29.14,5.09,50.33,19.14,23.34,22.45,24.09,22.99,26.44,23.77,4.68,15.74,22.38,20.89,6.46,19.02,20.21,44.49,16.75,22.17,30.05,42.15,1.41,25.68,22.97,22.61,19.75,18.82,10.73,23.97,20.93,18.93,22.25,21.88,36.10,19.60,19.46,45.53,24.57,7.63,24.69,20.02,18.08,26.21,22.38,18.48,23.90,16.75,11.69,21.21,24.43,24.26,44.35,11.47,20.28,19.13,32.22,12.60,21.14,25.73,22.83,6.57
27.40,23.08,29.36,26.50,24.19,20.73,25.93,17.46,23.31,23.81,23.81,18.72,30.82,29.62,28.55,37.41,28.31,24.72,32.21,30.63,16.48,26.41,27.35,37.47,26.97,29.96,27.90,27.34,48.11,27.29,29.16,23.64,10.31,29.59,28.74,44.48,8.40,25.70,31.62,42.00,24.63,38.29,28.23,29.08,32.20,32.89,31.56,25.16,25.50,27.03,30.19,26.48,28.43,21.28,27.39,45.98,22.23,27.25,25.77,18.87,22.09,33.11,23.64,28.49,26.17,33.71,25.69,2.85,25.76,27.58,23.87,33.13,19.30,25.51,28.73,27.91,30.53,24.78,23.84,23.62,24.99,29.26,23.01,27.41,23.81,26.43,31.51,22.69,25.40,31.43,25.40,31.56,5.77,24.77,39.23,26.22,26.46,37.93,45.62,29.40
21.28,22.47,10.05,31.67,13.69,1.34,25.04,21.11,12.55,20.08,27.42,21.74,19.35,18.74,23.60,22.07,22.94,20.76,11.22,21.95,20.14,25.72,23.78,18.46,22.50,20.04,5.44,29.52,21.89,23.41,19.18,25.68,20.36,8.78,19.60,2.26,20.59,21.59,24.02,22.36,20.43,25.29,21.01,9.80,26.58,19.44,21.50,21.88,18.76,17.17,26.94,19.69,20.58,21.42,5.66,41.94,17.84,9.69,21.86,32.47,17.97,25.38,21.38,23.92,24.93,23.86,33.36,20.90,25.00,18.10,20.68,19.07,4.74,5.20,21.37,34.56,23.45,21.23,26.54,9.79,27.24,21.75,10.15,18.94,20.58,21.96,16.21,5.42,44.31,25.58,20.75,20.21,33.23,18.64,20.82,8.56,21.82,24.82,23.43,44.84
36.69,15.42,24.29,0.47,26.51,23.44,25.24,30.66,22.44,18.63,13.91,26.67,29.89,26.98,27.82,21.68,26.74,28.46,25.71,25.52,12.05,30.50,33.02,28.16,26.14,25.66,22.23,32.84,40.44,15.04,27.54,25.13,26.67,50.60,23.37,27.08,3.82,6.01,34.54,21.70,37.70,43.19,39.68,29.69,28.38,21.29,27.15,36.70,23.44,21.88,32.23,26.98,27.19,21.67,27.91,29.10,24.80,26.29,26.15,25.63,28.34,30.10,27.76,46.11,27.00,35.87,28.19,25.02,43.03,24.70,20.44,29.78,21.43,13.78,25.92,31.43,44.31,29.70,4.76,1.71,7.88,35.14,24.92,22.71,28.04,24.92,18.28,25.38,25.08,52.30,35.29,38.91,23.71,27.87,28.27,35.57,25.43,31.82,28.81,25.81
24.74,26.42,22.76,26.62,19.71,6.75,29.27,30.36,14.62,20.99,25.59,9.39,27.20,28.73,33.50,39.93,23.10,34.18,37.82,27.42,5.06,30.63,29.06,26.59,8.95,16.25,22.62,44.67,14.28,25.02,28.02,22.91,29.62,27.07,27.27,24.16,42.97,26.58,26.42,29.30,30.36,18.42,43.27,30.70,28.46,27.47,-2.64,28.40,24.56,34.29,26.54,43.73,27.88,20.80,23.20,28.83,37.05,18.93,24.15,22.77,31.65,27.03,24.46,26.49,23.50,26.35,21.89,22.16,23.55,24.56,43.94,22.45,20.39,25.77,21.09,30.71,26.92,6.28,25.14,31.35,19.50,7.92,33.44,13.66,4.08,19.53,7.27,25.96,25.34,17.64,21.42,32.71,20.51,24.03,28.58,25.49,6.47,25.10,5.41,33.00
10.85,24.13,24.43,25.04,25.91,18.27,26.41,27.03,17.57,19.17,28.17,10.24,30.17,36.48,25.59,21.65,41.41,6.86,14.07,45.91,23.19,27.85,28.74,25.66,23.14,28.06,14.14,26.44,29.47,23.87,23.72,26.09,10.86,23.61,21.62,22.02,23.48,19.97,40.10,37.02,31.59,23.90,29.08,36.92,35.60,27.23,30.00,29.01,29.12,19.96,29.22,11.47,28.34,24.26,17.90,28.03,22.67,22.64,20.81,22.47,23.27,25.92,31.67,27.79,27.55,32.73,22.86,43.58,18.17,24.56,18.98,33.50,19.64,22.25,39.42,27.18,26.68,26.09,24.98,18.23,21.34,30.11,27.13,38.02,5.97,20.17,25.32,21.94,27.84,30.39,22.39,22.60,21.00,29.31,24.31,25.51,47.31,30.80,25.69,22.30
15.04,25.26,18.68,25.69,20.64,2.54,22.94,27.22,18.79,22.18,42.64,21.05,29.99,25.32,20.14,23.34,38.70,12.51,28.69,24.30,26.29,24.60,27.60,15.31,25.30,24.17,16.69,25.66,39.16,8.09,25.87,26.75,22.81,38.20,10.43,25.93,25.77,22.85,26.57,29.40,41.51,33.11,29.41,45.42,29.44,40.32,29.89,3.96,15.31,26.55,28.00,24.29,24.97,21.25,20.58,28.00,13.34,20.69,21.24,19.75,23.31,32.01,13.42,26.60,25.95,32.38,12.25,39.81,19.47,22.05,25.83,26.61,40.21,23.75,46.32,26.69,33.09,7.87,22.32,25.35,23.04,28.50,25.12,22.39,24.76,7.62,12.63,28.87,24.65,27.65,25.01,22.20,25.46,25.35,46.89,32.40,28.23,31.46,31.50,13.10
29.08,28.41,7.78,45.71,17.32,10.14,26.26,26.16,17.45,23.11,24.61,22.62,27.69,28.66,26.72,25.20,23.13,22.90,29.09,27.01,25.39,29.26,25.61,25.00,27.96,24.29,26.47,30.32,25.34,31.00,27.13,10.17,26.78,27.28,30.12,26.97,18.02,44.08,32.05,20.42,27.66,34.03,30.13,33.24,35.85,29.05,33.26,40.31,29.23,26.34,32.11,22.99,24.94,22.32,19.82,29.44,39.60,26.59,24.56,31.71,21.17,27.74,22.55,23.22,15.63,31.52,33.88,26.88,20.17,36.10,25.55,23.45,22.94,41.85,28.84,29.07,32.73,47.67,38.97,22.77,13.21,41.30,24.35,22.52,21.11,26.93,19.34,11.40,24.89,23.02,26.65,24.01,30.89,22.54,25.82,26.97,20.66,22.43,28.53,29.54
26.66,14.27,35.42,25.55,7.34,22.74,26.92,35.29,19.06,19.42,39.12,1.94,43.23,31.15,30.05,22.92,10.31,25.95,22.75,27.27,25.28,32.73,31.15,28.09,14.18,9.37,33.92,32.71,44.12,18.40,26.12,23.91,27.42,27.67,27.72,28.53,24.23,27.66,24.01,23.16,28.11,26.71,26.81,28.34,29.21,27.33,26.24,25.86,24.35,24.25,31.48,25.77,22.99,15.51,27.35,21.63,23.17,24.01,27.64,22.36,23.59,31.50,24.83,24.71,25.72,30.76,25.89,27.18,28.17,34.55,35.04,41.13,24.76,26.80,43.95,21.46,36.56,27.64,27.44,26.25,29.92,33.89,22.16,8.83,26.26,29.11,4.06,21.38,23.05,35.89,28.21,40.92,40.88,20.09,30.48,28.56,47.75,30.55,9.20,29.86
23.04,28.25,27.96,25.96,18.15,13.52,20.32,29.45,18.54,12.60,22.55,23.53,24.14,20.52,22.67,20.51,24.19,20.11,21.12,27.07,20.71,26.65,27.26,19.56,35.96,22.96,24.31,26.11,26.43,32.27,44.72,18.16,25.27,22.14,26.88,25.72,20.55,20.68,22.23,22.44,9.23,21.64,22.48,21.90,23.71,20.27,35.02,22.07,24.96,23.72,23.58,9.12,35.82,22.63,21.86,23.99,8.79,25.58,38.23,18.75,20.22,25.60,34.65,19.79,22.75,31.39,20.25,19.65,23.50,21.76,23.80,23.82,21.29,19.40,22.96,18.84,26.61,19.35,21.36,30.57,22.67,27.13,6.21,18.38,23.17,13.84,22.28,18.89,13.80,26.21,10.71,22.39,13.07,24.52,28.03,12.20,24.49,28.76,28.55,25.38
21.70,4.35,21.73,28.17,21.33,17.64,24.87,25.34,20.37,19.73,22.41,24.55,45.24,24.27,22.20,7.95,23.45,22.24,50.49,13.29,27.78,42.76,27.25,28.52,11.67,20.44,37.54,43.37,27.52,21.81,46.74,24.06,25.31,28.59,26.96,20.86,23.78,20.24,26.14,15.40,4.64,42.25,27.55,28.24,17.04,18.02,7.71,23.53,27.76,22.52,10.56,21.51,21.44,21.04,31.65,40.67,22.41,22.85,30.57,22.01,24.30,25.75,26.67,23.82,27.77,35.82,22.85,24.28,25.12,1.56,26.06,47.84,21.46,23.09,14.94,23.74,13.89,25.52,17.77,26.00,24.36,17.67,33.17,2.82,21.73,24.51,24.30,21.36,19.32,29.59,27.02,27.94,28.54,22.96,18.92,29.44,22.01,27.50,23.79,32.85
29.96,24.72,5.49,28.05,28.00,22.98,30.46,26.74,17.52,21.51,25.69,26.32,26.28,31.71,31.54,26.85,27.44,48.00,26.07,31.41,25.92,33.00,32.53,23.08,23.67,27.10,39.53,30.29,31.59,31.18,31.65,1.07,32.98,26.08,28.24,34.18,20.85,27.19,31.81,28.02,29.77,46.74,28.32,49.19,25.56,27.91,39.43,8.43,22.37,26.58,28.70,12.47,28.40,28.18,42.73,48.20,20.02,28.26,24.47,27.35,27.68,32.96,32.81,38.87,26.57,36.93,16.19,41.92,27.82,25.23,28.68,27.26,26.82,46.97,28.32,31.68,32.44,7.81,22.65,25.34,26.28,27.26,9.93,18.17,26.06,41.14,20.68,23.34,25.85,27.94,24.52,33.39,8.77,28.12,38.91,19.41,28.96,38.94,33.87,26.67
