3.61,0.32,0.14,0.93,0.21,-2.06,1.36,1.49,0.91,0.29,-0.11,-1.29,1.05,1.93,2.70,0.77,1.59,0.69,1.42,1.87,0.84,1.32,0.96,2.12,1.93,2.03,0.00,0.90,2.90,1.06,1.28,1.46,0.17,2.56,0.11,0.13,-0.22,-0.29,0.35,1.28,-0.12,0.56,3.23,0.13,1.36,-0.71,1.37,-0.41,-0.74,0.51,0.51,-1.24,3.02,0.06,-1.30,1.67,-0.10,1.65,1.48,0.01,1.59,-0.52,1.20,0.44,1.86,1.34,-0.50,1.92,-0.12,1.58,1.21,2.03,0.21,1.24,1.51,0.94,2.13,-0.62,1.31,2.23,-0.16,0.48,-0.06,2.31,1.17,-1.17,1.78,0.87,0.48,1.91,1.85,1.86,0.24,0.61,0.40,-0.33,1.87,2.18,2.18,-0.28
0.52,2.95,1.31,-0.06,-0.72,-0.99,-0.50,0.65,1.38,1.86,-0.00,0.52,0.95,1.75,-0.84,-0.48,-0.22,-1.08,1.40,0.08,1.81,1.43,1.90,0.77,0.86,-1.09,0.70,0.05,2.49,0.29,1.63,1.17,1.18,-0.48,0.49,1.21,2.01,0.73,1.22,-1.16,1.59,3.03,1.16,1.88,1.53,3.50,2.01,-0.62,-1.98,1.69,1.59,1.15,-0.34,0.53,1.97,1.01,-0.00,0.17,2.30,-0.14,1.09,1.10,1.33,1.77,0.14,1.34,-0.26,0.20,1.17,0.65,0.13,1.87,0.60,0.88,2.60,1.34,0.30,-0.12,0.53,0.53,0.71,0.13,1.91,0.19,2.11,-0.23,0.53,-0.08,2.05,1.90,0.05,1.26,0.94,0.65,1.72,2.19,2.11,0.07,-0.47,0.40
-0.73,0.42,-0.25,2.51,0.91,-0.12,1.15,2.63,-0.86,0.91,1.07,0.77,1.14,0.02,2.05,1.23,0.91,2.66,1.84,2.36,1.80,1.04,1.09,1.74,-0.14,0.55,0.92,1.31,-2.01,0.32,0.86,0.02,2.35,2.22,0.93,1.98,0.80,1.87,1.84,-2.09,1.34,0.81,0.34,1.11,2.50,1.93,-0.24,1.06,1.29,1.62,2.90,1.39,0.56,1.18,-0.44,1.83,1.30,0.20,-1.06,2.10,0.88,0.13,0.70,0.14,1.96,0.51,-0.34,0.57,0.06,-0.37,1.03,0.87,1.56,2.38,1.22,-1.80,0.00,-0.67,1.29,-0.77,0.94,1.63,0.98,0.36,1.39,-0.74,0.77,3.22,-0.24,0.76,-0.74,0.72,0.53,1.29,3.42,0.67,-0.33,0.72,0.35,0.20
-1.40,0.50,1.38,-0.69,0.80,1.64,1.01,1.52,0.84,-0.16,2.03,1.15,0.23,1.23,0.93,-0.53,0.56,0.42,-0.19,3.97,-0.49,0.29,1.72,0.96,2.20,0.40,1.62,1.82,-0.47,1.33,1.13,0.91,-0.35,-0.51,1.26,0.52,2.90,0.30,2.15,1.91,0.22,-0.24,1.67,2.24,0.68,-0.00,-0.84,0.72,1.06,-0.94,-0.57,0.34,0.21,1.26,-0.42,0.84,0.63,0.11,1.81,-0.35,2.24,2.03,2.49,0.30,1.93,0.45,1.44,0.89,0.92,0.90,1.66,1.37,1.86,-0.54,0.90,-0.04,0.70,-0.65,0.02,-0.83,2.45,0.81,1.34,-0.09,0.90,0.92,-0.19,1.03,0.02,2.23,1.36,2.89,1.49,1.32,0.06,1.59,2.74,0.63,-0.88,1.67
0.33,-0.10,2.82,0.62,1.46,2.18,-2.10,-0.32,0.12,1.09,-0.33,-0.31,0.90,0.13,2.87,0.20,1.49,-1.58,1.17,0.53,1.02,1.85,-0.90,1.75,-0.04,0.77,-0.15,-0.46,0.74,-0.31,2.52,0.42,2.75,0.71,0.50,-0.06,3.21,0.15,0.65,0.40,2.34,-0.13,1.26,0.73,0.79,0.69,0.35,0.69,2.17,-1.34,0.76,2.19,-0.47,0.64,0.61,1.47,0.28,0.91,0.31,2.00,-0.28,0.77,0.12,-0.16,2.12,1.24,1.39,2.20,1.05,0.12,1.20,0.55,1.52,0.79,2.21,0.58,1.39,0.87,2.42,0.94,0.73,-1.17,1.63,0.43,0.91,0.75,0.23,0.24,1.94,0.80,1.87,-0.28,1.80,0.28,0.17,-0.48,1.06,1.70,1.80,-1.24
1.27,2.30,2.74,0.41,0.42,0.73,0.17,1.66,-0.44,-0.37,-0.09,0.13,-1.10,1.07,1.03,0.12,0.55,-0.19,0.71,1.95,0.35,0.49,0.27,0.64,1.19,0.26,0.73,0.11,1.02,0.83,1.41,1.18,0.54,2.53,1.51,2.43,0.13,1.01,1.45,1.21,-1.23,-0.44,0.75,-0.40,1.05,1.31,1.96,2.28,1.83,0.24,0.28,1.77,0.86,0.49,-0.77,-0.54,1.57,0.93,1.67,-1.13,1.91,0.44,0.06,-0.68,-0.63,-0.13,0.84,-0.04,0.33,3.10,1.42,0.37,0.85,1.66,1.45,0.29,1.63,4.12,1.06,1.54,-1.49,1.79,1.86,-0.89,0.07,1.98,1.17,0.57,-0.49,-0.05,0.28,0.07,-0.10,0.62,2.03,1.55,-0.06,1.59,0.24,0.28
0.15,1.42,-0.45,2.20,0.05,0.58,1.91,0.54,0.27,-0.32,-1.05,-0.95,1.62,0.48,1.69,-2.20,1.42,1.17,1.25,0.25,1.21,1.79,0.36,0.67,1.92,0.28,0.08,1.15,-0.09,1.65,-0.89,0.18,3.14,0.21,2.44,-1.21,0.53,0.49,2.00,0.59,-0.86,2.46,0.89,0.17,0.40,0.80,0.40,1.04,1.19,-0.01,0.75,1.23,1.20,1.79,2.51,1.14,2.51,-0.22,1.46,1.53,-0.15,-1.65,1.00,1.07,0.44,2.21,0.35,1.23,0.83,0.72,0.34,1.35,0.68,1.15,1.19,1.10,0.00,2.08,0.30,0.73,1.56,3.02,1.11,-0.12,-0.76,1.39,0.22,-2.52,1.20,1.37,-0.51,1.60,0.74,-0.31,-1.30,0.25,0.86,1.61,0.73,1.76
2.33,0.72,1.18,2.19,1.69,0.47,-0.06,2.28,1.04,-0.41,2.05,-0.46,2.19,2.39,1.55,2.99,1.36,2.37,0.16,-0.33,-0.54,1.82,0.57,0.55,0.14,0.92,1.50,1.16,2.49,0.76,0.21,-0.65,1.78,0.77,-0.07,1.36,2.58,-0.83,0.93,1.86,-1.30,1.93,-0.09,0.41,0.44,0.37,0.36,-0.12,0.37,0.68,0.86,0.20,1.31,1.28,0.30,1.37,-0.25,-0.29,-0.39,-0.23,1.01,1.95,1.62,0.98,1.80,-0.07,0.34,-1.12,0.79,0.71,0.27,-1.74,0.93,-0.46,1.55,0.13,-0.31,1.63,1.14,-0.36,0.89,-0.60,-0.35,-0.34,-0.56,2.21,0.81,-0.22,2.54,1.27,0.62,0.83,-0.53,1.39,1.61,0.69,0.06,1.78,1.24,2.39
1.23,-0.17,0.81,1.65,-0.09,1.24,0.84,0.71,1.00,1.89,-0.21,1.90,-0.39,0.88,-1.74,-0.46,-0.26,0.54,2.17,0.00,1.44,2.85,2.30,0.93,-1.01,-0.81,1.42,2.30,1.29,1.52,-0.46,-1.68,0.01,0.92,-0.55,2.14,0.47,1.89,-0.12,1.52,-0.86,0.39,-0.38,1.38,1.38,-1.03,1.83,0.65,1.13,1.90,0.07,-0.34,2.38,0.18,-0.87,2.12,0.71,1.19,0.29,0.49,-0.51,0.14,0.39,0.87,0.49,0.99,1.30,0.84,0.52,-0.19,0.90,1.81,0.72,1.95,1.16,1.84,1.24,1.17,2.13,1.19,0.29,-0.18,1.13,-0.76,1.22,1.36,0.59,1.49,0.48,1.39,0.04,0.83,2.91,0.98,0.19,-0.85,0.98,1.36,-1.42,2.15
2.74,2.39,1.40,1.35,0.90,1.43,1.34,-0.46,1.16,0.55,1.22,2.05,1.19,0.54,0.84,1.04,-0.75,0.53,-0.38,-0.20,0.78,0.02,-1.99,2.48,-0.29,2.53,0.29,0.85,-0.31,1.77,0.68,1.69,0.35,-1.35,2.47,0.73,0.98,1.99,-0.46,0.78,-0.09,-0.16,1.25,-1.08,0.75,0.48,2.44,0.35,1.25,2.56,0.91,0.08,1.55,0.64,0.20,0.39,0.55,1.44,-0.10,0.86,0.02,1.63,2.98,-0.01,2.07,1.91,0.58,-0.06,-0.26,2.26,1.15,0.56,-0.25,1.74,-0.41,-0.84,-1.44,1.06,1.25,0.81,1.12,1.02,0.79,1.65,1.72,-0.19,-1.42,0.50,0.29,1.29,0.08,0.88,1.40,1.42,-0.26,1.16,1.89,-0.01,-0.59,0.46
0.51,1.14,1.03,3.44,0.36,0.04,0.89,1.01,0.84,-0.72,0.27,0.07,0.48,0.55,0.50,-0.21,1.78,-2.94,-0.69,1.36,1.66,1.66,0.73,0.58,1.78,1.34,-0.35,0.12,-0.45,0.81,0.03,2.23,-1.93,1.02,0.04,-0.92,0.82,0.52,0.38,1.31,1.46,0.53,0.93,1.49,-0.18,0.92,3.27,1.42,1.02,1.46,0.19,-0.39,-0.81,1.12,-0.01,1.97,0.33,0.81,1.37,0.92,1.65,0.38,1.02,0.79,1.21,0.55,0.35,0.58,1.54,-1.70,0.79,-1.22,1.32,2.11,-0.23,2.26,1.26,1.78,0.84,2.44,0.00,1.27,-1.26,2.53,-0.56,-0.30,1.31,1.00,0.66,-0.61,-0.51,-0.78,0.61,0.87,0.64,2.62,2.07,0.74,0.51,1.12
0.39,1.00,-2.35,1.21,0.53,-0.85,0.00,-0.24,1.52,2.69,-0.99,-0.40,1.75,-0.45,0.58,0.74,0.41,2.00,1.79,0.45,0.83,1.54,0.72,1.06,-0.18,1.52,1.97,0.04,0.51,1.08,2.42,0.27,0.20,1.15,0.80,0.09,1.62,2.42,2.17,0.01,-0.61,0.09,0.76,1.98,-0.06,1.11,0.53,1.20,0.91,-0.34,1.72,-1.60,-0.59,-0.91,-0.21,1.20,2.29,0.99,-0.08,0.33,2.35,1.48,0.77,-0.61,0.79,-0.00,2.49,1.16,2.03,1.28,0.30,1.58,-0.66,1.26,-1.01,1.03,0.82,0.75,1.50,-1.21,0.96,0.70,1.31,-0.76,1.81,1.35,1.78,-0.48,0.90,-0.26,0.79,0.75,1.32,1.39,-0.33,1.40,0.15,0.19,2.40,0.80
1.90,1.58,0.15,1.33,0.61,-0.70,1.66,1.88,0.30,0.95,2.25,-0.74,0.46,1.06,1.75,2.33,0.73,0.91,0.34,2.15,-1.28,-1.27,0.83,0.13,-0.88,-0.15,1.10,1.87,1.20,0.52,1.14,0.14,0.64,-0.29,1.51,1.21,0.68,1.04,-0.28,0.35,0.17,0.51,1.30,0.62,0.83,1.83,0.50,0.73,1.29,0.83,0.44,1.31,2.36,0.44,3.18,0.20,2.24,-0.75,1.04,0.20,0.60,0.43,0.23,0.68,-1.06,1.00,1.94,1.53,0.22,-1.25,0.73,-0.26,0.28,2.35,-0.95,1.79,0.56,0.74,0.04,1.75,1.72,-2.26,2.34,0.73,0.17,-1.16,-0.75,1.45,1.81,-0.55,3.44,0.73,1.48,-0.26,-0.06,1.48,-0.45,0.45,-0.32,0.39
-0.15,2.07,2.22,1.16,-1.06,0.21,1.31,1.55,1.70,1.45,-0.74,1.52,0.13,-1.10,0.33,1.20,-0.08,0.74,0.96,0.35,1.52,-1.41,0.80,0.72,-0.33,0.50,0.84,1.22,-0.19,-0.13,0.88,1.05,2.20,2.79,0.63,0.32,0.02,1.38,2.56,1.00,0.77,0.76,-0.31,-0.07,0.43,0.25,0.02,0.18,1.27,0.19,0.85,0.73,0.76,2.75,0.30,0.78,0.34,0.13,-1.41,0.54,1.16,1.64,0.02,1.09,0.89,0.12,-0.06,-0.54,1.19,0.50,1.79,1.02,0.96,-1.77,0.91,4.58,2.72,1.39,0.11,1.03,2.00,1.39,-0.18,1.57,1.19,-2.01,0.07,-1.44,1.13,0.66,1.47,2.66,0.38,0.96,0.10,0.11,-0.94,0.20,0.35,0.32
-2.08,0.06,-0.02,1.85,0.84,2.38,-0.82,0.73,1.19,2.94,0.89,-0.13,-0.28,2.94,0.22,0.76,1.95,0.52,-0.25,1.62,0.95,1.92,0.62,2.30,0.84,0.79,-1.69,-0.51,1.26,0.11,0.36,1.66,0.11,0.03,2.09,1.73,0.08,1.48,-0.37,2.48,0.21,0.27,0.21,0.59,1.22,1.04,1.95,-0.13,0.41,1.27,2.17,0.19,2.35,-0.59,1.51,-2.20,1.80,-0.23,0.79,-0.21,0.56,0.06,0.99,0.93,0.92,1.06,1.09,0.41,-0.27,-0.06,0.73,-1.13,-0.15,-0.11,2.20,0.96,2.23,-2.82,0.92,1.39,0.81,1.09,0.19,-0.42,1.03,1.24,0.57,-0.21,-0.69,0.57,0.16,1.48,-1.04,0.88,-0.05,1.34,-0.55,-0.20,1.32,0.30
2.21,0.45,0.32,1.70,-0.37,1.75,-0.63,1.51,-0.83,0.61,-0.68,0.05,2.23,-0.88,0.71,0.43,-0.52,1.61,0.03,0.99,-0.84,0.06,-0.88,-0.13,0.95,-0.48,-0.12,0.73,1.08,-0.01,-0.32,0.83,1.44,0.64,-1.85,1.63,-2.21,-0.61,0.51,1.81,1.90,0.03,1.37,-0.09,0.92,0.59,0.70,2.53,0.98,0.22,2.98,1.41,0.35,0.08,0.50,0.39,-0.51,1.29,0.28,0.11,-0.21,0.90,0.86,1.54,0.61,0.74,3.19,0.79,2.74,1.26,-0.56,0.09,0.39,-0.71,2.11,0.57,1.48,0.74,-0.36,-0.98,0.33,0.51,0.87,1.00,-0.56,-0.05,0.90,1.19,-0.12,3.00,1.23,1.80,0.55,-0.35,-0.18,1.57,2.28,1.03,1.15,1.54
0.35,0.96,0.89,-0.30,2.19,1.22,0.32,-1.45,-0.31,0.89,0.19,2.00,0.02,0.55,0.11,1.01,-0.40,3.25,1.62,1.10,-1.43,1.35,1.68,0.67,1.94,0.79,0.13,0.80,0.14,0.61,1.47,-1.71,2.27,0.82,-0.17,2.63,-0.92,0.19,0.87,0.35,0.28,1.53,2.24,1.00,-0.62,0.27,1.28,-0.99,1.51,-1.09,0.05,-0.12,-1.33,1.34,1.82,1.77,-1.16,1.01,2.50,1.52,0.38,0.71,1.91,2.70,1.77,2.11,-1.77,0.45,1.76,1.10,1.29,0.49,1.03,3.08,-1.08,-0.47,2.02,0.39,0.65,1.65,0.43,0.18,-1.31,0.84,-0.40,1.67,-0.13,1.71,-0.07,0.25,0.49,1.18,-0.08,0.50,0.27,1.55,-0.32,0.33,1.07,-1.12
1.28,0.71,1.45,-1.47,2.88,0.88,0.67,1.00,1.74,-0.02,-0.52,0.91,-0.79,0.34,0.03,0.35,0.80,-1.70,-0.47,1.23,0.76,-0.44,1.28,0.96,-0.06,1.11,1.82,0.20,-0.13,1.04,0.55,-1.67,0.33,1.14,-0.20,1.41,0.68,0.04,0.10,1.63,1.83,3.58,1.25,3.38,1.52,0.16,0.38,0.42,1.38,0.46,0.81,0.61,1.62,0.99,1.44,-0.39,1.38,1.27,-1.44,-0.15,0.72,0.96,0.02,0.82,-0.01,1.61,0.54,2.06,1.35,-0.27,-0.76,1.21,0.12,0.45,0.63,-0.35,-0.65,1.58,-1.29,-1.43,-1.23,1.95,0.89,3.84,-0.06,0.12,0.65,-0.01,1.03,0.87,-0.64,0.07,0.25,1.42,-0.45,0.60,0.08,0.18,2.56,-0.38
-0.92,1.01,1.57,0.16,-0.22,1.31,1.53,0.45,-1.11,-2.01,-1.26,1.07,2.24,2.34,0.22,1.87,-0.03,0.45,0.78,-0.01,-0.64,-0.26,2.91,1.05,0.97,2.35,1.35,0.48,-0.91,0.75,1.73,0.76,-1.73,1.13,0.59,-0.02,0.35,-0.81,1.12,-0.02,1.01,1.43,-0.12,0.80,0.75,1.24,-0.19,2.22,0.51,2.09,1.23,2.83,1.61,-0.55,0.78,0.09,0.86,0.73,-0.92,0.23,-0.13,-0.01,1.04,0.88,1.18,0.89,0.54,-0.78,0.85,0.00,0.52,2.86,-1.27,1.43,0.56,1.18,0.93,-0.16,0.70,2.03,1.26,-0.83,0.06,-0.36,-0.24,1.93,1.99,0.25,1.85,0.10,0.96,0.59,1.50,1.15,0.47,1.10,0.83,1.98,0.85,-0.04
1.66,-0.35,-0.32,1.06,1.18,1.61,-1.64,-0.12,0.23,-1.56,1.44,2.26,1.34,-0.36,1.61,0.05,0.26,-0.57,0.45,0.39,2.26,-0.49,3.09,0.82,-1.56,1.05,0.68,1.02,1.81,-0.35,0.30,0.56,-0.14,-1.01,1.84,0.86,-0.22,0.97,2.58,-1.49,0.20,1.49,-1.37,-0.93,0.49,-0.17,1.19,0.36,1.01,-1.60,-0.24,-0.75,2.88,0.66,0.81,0.82,-0.79,0.52,1.01,0.81,1.23,1.61,0.65,2.14,0.79,1.55,2.42,0.54,0.59,-0.08,-0.68,0.74,-0.13,1.42,2.35,-0.01,0.70,-0.07,-0.50,1.23,-0.35,0.84,0.32,0.74,2.25,0.68,1.85,-1.13,-0.93,-0.11,1.43,-0.72,0.63,-0.16,1.04,1.61,0.61,1.01,0.48,1.66
-0.74,-1.61,0.02,-0.43,0.98,1.83,0.90,1.89,1.14,0.73,2.08,-0.29,2.14,0.77,-0.75,-0.21,-0.55,0.10,-0.46,0.83,-0.14,0.42,-0.71,1.21,0.65,0.93,2.60,-0.36,1.75,-0.10,1.70,2.13,1.00,1.34,2.53,0.24,-0.84,0.15,1.25,1.21,-1.59,2.10,1.36,-0.61,0.57,-0.18,0.75,-0.95,0.21,2.34,0.03,1.85,-0.98,-0.18,0.66,2.12,-0.92,0.19,1.69,0.54,0.31,-0.05,-0.37,0.30,1.32,0.17,1.29,-0.11,1.39,-0.20,0.63,2.05,1.11,0.16,-0.56,1.88,0.69,-0.09,0.38,0.58,0.11,1.80,3.00,1.15,1.66,0.99,0.43,2.04,0.06,1.05,1.16,0.05,0.17,-0.68,1.27,-0.50,2.22,1.02,1.22,-0.51
1.73,0.67,-0.37,0.59,0.32,0.22,-0.21,0.02,0.96,-1.03,1.02,1.56,0.32,0.30,0.42,0.49,0.54,0.34,0.37,-0.62,1.12,0.43,-0.81,-1.25,1.50,2.86,0.82,0.28,0.48,-0.35,-1.88,0.95,1.24,0.92,1.30,-0.54,1.14,1.33,1.60,1.97,1.65,-0.25,1.86,3.32,0.15,0.09,0.03,-1.67,-0.49,1.58,1.44,1.60,1.00,0.49,0.49,-0.26,-0.12,0.15,-0.50,0.21,0.54,2.18,0.20,1.74,0.38,0.82,0.40,0.80,0.63,2.08,0.93,0.35,3.48,2.76,0.43,1.59,0.45,-1.54,0.20,0.60,-0.02,0.22,1.62,-1.08,0.06,0.14,-0.18,1.63,-0.22,0.63,0.48,-0.27,0.83,-0.18,0.39,1.09,-0.92,3.15,-0.61,0.31
-0.18,-0.33,1.95,-2.23,-0.00,-1.62,1.13,-0.30,1.42,0.48,2.11,0.68,0.08,0.31,2.73,-0.26,0.68,0.72,1.06,-0.66,0.34,0.04,2.03,1.94,1.62,-0.32,-0.35,0.22,0.44,0.48,-0.40,-0.66,1.18,1.94,1.87,-0.84,1.06,0.33,-0.92,0.40,0.67,0.27,0.85,-0.15,0.80,0.20,2.21,0.88,0.72,2.02,0.68,1.31,0.93,1.11,0.96,-0.26,0.60,0.97,-0.76,0.78,0.37,0.87,-0.10,0.76,-0.03,1.98,1.94,-1.07,0.71,0.92,-0.30,-0.05,-0.08,1.12,0.42,-0.08,3.81,3.03,-0.70,-1.04,0.62,0.23,-0.42,-1.45,3.07,-0.04,1.06,2.34,0.47,1.67,-1.07,1.31,0.88,-0.45,0.84,1.41,0.76,0.33,1.39,1.93
-1.40,2.80,-0.93,0.49,3.16,-0.67,2.05,-0.60,0.29,0.68,1.34,2.05,-0.76,-1.02,-1.22,0.05,1.58,1.16,1.00,0.85,-0.44,0.90,1.13,-0.29,-0.31,2.02,-1.49,0.99,0.32,0.03,0.63,1.62,0.99,0.55,0.79,1.46,1.16,-0.73,1.52,-0.82,0.31,0.89,0.09,1.37,0.40,0.14,1.15,1.89,0.76,1.87,0.63,1.62,1.08,-0.93,-0.23,0.46,-0.13,1.23,2.07,1.24,-0.82,-0.05,0.97,-0.52,1.90,0.53,0.28,3.76,1.18,0.50,0.97,-0.88,0.57,-1.77,1.77,0.81,1.71,-0.13,-0.03,-0.55,-0.78,-0.90,1.18,0.59,0.85,0.54,-0.73,-0.77,2.23,1.45,1.18,0.29,0.57,2.20,2.18,0.43,0.84,1.39,0.51,0.89
1.46,0.82,1.04,-0.54,-0.05,0.24,-0.43,0.72,-1.13,0.94,1.13,0.32,2.39,1.75,-0.51,0.12,1.20,1.60,-1.21,-0.14,2.03,-1.63,0.52,1.43,-0.24,0.02,1.60,1.59,-0.61,1.19,0.78,-0.03,1.44,-0.03,0.33,0.17,0.95,2.54,0.43,1.19,1.46,0.01,1.85,0.68,1.24,1.65,-0.52,0.85,-0.17,1.58,0.68,0.05,-0.10,2.99,-0.40,0.56,0.68,0.56,1.32,1.67,-0.08,-0.82,0.70,0.79,-0.18,1.22,0.44,2.03,0.73,2.65,0.66,1.06,1.92,-0.00,0.43,2.12,1.22,0.26,0.86,-0.08,-1.36,-1.05,-0.64,1.53,0.52,1.55,1.62,1.30,0.79,-1.30,1.32,-0.05,-2.51,0.71,1.37,-0.52,2.20,-0.43,-0.70,2.27
0.90,0.06,1.48,-1.00,0.30,-0.74,0.48,-1.38,0.66,0.62,1.85,0.29,2.24,-0.21,0.22,1.68,1.37,0.41,3.03,3.19,1.28,-0.49,-1.24,-0.57,1.51,1.03,0.07,1.67,1.18,-0.73,0.47,0.52,0.38,-0.79,0.02,-0.05,-0.82,0.42,1.43,1.55,2.10,1.84,-0.02,0.69,2.03,0.03,-2.31,1.32,1.28,0.28,0.95,-0.26,0.63,0.04,-0.63,1.26,1.59,0.16,2.37,0.29,1.38,-0.04,-0.95,0.71,0.46,1.36,0.47,-1.45,0.11,0.18,0.91,-0.14,-0.34,-0.45,0.20,0.93,1.64,0.27,1.82,0.06,0.75,1.64,0.56,0.51,-0.01,0.52,0.77,0.74,1.21,-0.26,-1.48,0.79,1.23,1.06,1.09,2.62,0.47,1.21,0.43,0.88
1.53,0.12,1.17,1.29,0.81,1.81,3.33,1.67,-0.85,0.19,0.38,-0.60,0.87,0.53,0.12,0.61,-1.92,0.92,-0.69,0.99,1.95,1.84,0.46,0.30,-0.12,1.12,1.31,-0.14,1.19,-0.65,2.04,0.61,0.49,0.99,1.14,-0.76,0.71,1.08,-0.11,0.00,2.07,0.18,0.33,1.14,-0.24,-0.58,0.62,0.17,0.34,0.94,1.25,-0.38,-0.73,-1.39,1.18,-1.87,-0.22,-0.62,0.20,1.84,0.94,0.85,0.28,0.98,-0.70,-0.10,-1.10,1.64,-2.26,0.54,0.43,0.88,1.81,0.63,0.50,-0.71,2.70,2.35,0.52,-1.36,1.42,0.17,-0.26,1.98,1.72,2.47,0.64,-1.22,1.11,1.04,0.91,1.36,1.77,0.80,0.54,1.51,0.76,1.52,0.19,0.82
0.28,1.14,0.85,-0.53,0.43,0.54,1.02,1.50,-0.52,0.09,1.21,1.62,0.64,-0.26,2.96,-0.80,-0.77,1.26,1.47,-0.94,2.90,0.15,-0.64,0.66,0.14,0.28,-0.30,0.80,1.65,1.44,-0.93,1.80,-0.52,-1.11,-0.18,0.20,-0.85,1.64,-1.38,0.80,-0.77,1.70,-0.75,1.77,1.27,0.02,1.08,0.70,0.50,-0.03,-0.02,0.65,-0.86,0.37,2.47,1.45,0.08,0.96,-0.52,0.56,0.36,1.30,0.31,-0.53,0.81,-0.03,-1.25,0.95,0.15,0.53,2.56,1.06,1.00,0.10,0.66,0.71,0.17,0.22,0.08,1.20,-0.23,-0.13,1.53,-0.79,-0.33,0.42,1.24,1.86,0.04,0.54,1.74,3.47,0.75,1.93,1.01,1.31,-0.27,0.02,2.63,1.93
0.29,0.55,0.05,1.65,-0.61,-0.34,0.61,1.19,0.54,0.36,0.51,2.12,0.36,0.20,2.03,3.23,0.80,0.25,0.04,-1.19,-1.33,2.26,0.04,0.60,1.65,-0.02,0.32,1.08,-0.14,0.30,1.68,0.68,-1.13,-0.25,0.62,1.27,-0.38,1.73,-1.77,-0.03,0.39,1.30,0.99,1.71,0.82,0.92,-0.31,1.26,-0.14,0.28,-0.03,1.59,1.68,0.93,-1.57,1.17,0.35,-0.39,1.07,1.99,2.82,-1.22,0.90,0.98,-0.75,0.12,0.18,2.11,3.19,1.52,0.39,1.19,0.43,-0.45,1.97,0.15,1.56,0.86,-0.03,1.40,0.94,2.81,-1.26,-0.35,1.83,1.52,-1.18,0.67,0.23,0.69,0.32,-0.29,1.30,0.22,0.64,-1.07,-0.82,0.07,0.58,1.27
-0.98,1.34,0.15,0.91,-0.49,1.24,1.49,1.09,-0.46,1.83,0.80,1.36,1.07,-0.58,0.74,1.72,0.33,0.21,-0.22,1.52,-0.04,0.28,0.70,-1.89,2.11,-0.10,-1.50,0.32,0.46,1.75,1.46,0.43,2.06,-0.75,-0.81,-0.84,1.37,-0.84,1.92,1.17,-0.16,-0.77,-0.97,1.07,0.90,1.26,2.73,-0.61,1.08,0.73,0.06,0.33,2.60,1.74,1.66,1.50,-1.17,0.09,0.83,0.50,1.78,1.84,0.93,0.72,-0.52,0.99,0.71,0.34,-1.37,1.33,0.68,0.64,0.00,0.94,-0.20,-0.35,1.30,0.75,1.72,0.80,1.21,-0.77,1.38,2.18,0.53,1.00,2.92,-0.12,1.03,0.50,-1.73,-0.44,0.72,-0.27,0.63,-1.01,0.54,1.00,1.76,1.06
-0.98,0.96,1.14,1.08,1.92,-0.61,0.95,0.14,1.31,0.47,1.46,-0.47,1.02,0.96,0.14,0.41,1.00,0.92,0.48,-1.08,0.01,-0.25,2.25,2.13,1.45,1.04,-1.71,0.98,1.80,0.59,0.09,1.68,-0.13,0.22,-0.83,1.81,-0.57,1.68,1.10,1.28,-0.03,-0.79,0.42,0.48,0.11,1.40,-0.19,0.34,-0.11,-1.47,1.17,0.46,0.31,1.66,-0.80,-0.06,-0.51,-0.37,-0.02,1.23,-1.50,0.99,1.16,1.00,0.69,0.87,-0.46,0.69,-0.08,0.42,-0.65,2.69,2.11,-0.68,0.56,-0.74,-1.00,2.17,0.64,0.26,1.11,1.71,2.19,0.98,-0.27,-0.28,1.58,1.23,-0.02,-0.07,1.77,-1.02,2.79,-0.18,-0.11,1.64,0.35,-0.34,1.38,0.71
0.43,0.11,1.49,1.65,-0.38,-0.24,2.25,-1.91,0.53,1.17,1.40,-1.31,1.14,0.23,0.33,0.41,-0.56,0.59,2.13,0.06,-1.40,2.43,2.33,0.78,-1.53,-0.22,0.62,1.63,1.53,0.43,-1.04,0.70,0.89,0.68,1.19,0.51,2.80,0.66,1.21,1.96,2.08,-0.35,1.08,0.38,-0.66,0.73,-1.11,-1.07,0.60,0.77,-0.17,2.76,0.82,-0.50,1.52,1.53,1.94,1.70,0.25,0.44,1.99,1.61,-0.44,-0.71,0.46,0.82,0.49,-0.06,0.05,-0.47,2.00,0.75,-0.56,0.81,2.46,-0.79,-0.04,0.16,-1.33,1.40,-0.32,0.87,0.61,2.81,-1.01,0.82,0.88,0.45,-0.40,0.44,0.64,1.11,-0.97,0.07,1.12,0.32,1.23,0.08,0.64,1.34
0.91,-0.98,0.45,-0.36,-1.52,-0.09,-0.55,-0.64,0.95,0.78,1.40,1.92,0.67,-0.40,0.52,-0.36,2.22,1.81,-0.32,0.49,1.19,1.50,-1.40,0.24,0.59,0.40,1.11,0.98,-0.35,-0.36,2.98,1.56,0.32,1.84,0.48,1.81,-1.42,-0.23,1.63,-0.78,0.54,1.50,0.01,3.00,-0.65,1.35,1.47,0.08,0.80,0.18,-0.02,0.68,2.62,0.84,0.94,0.24,0.68,1.32,1.54,0.44,0.22,2.79,1.40,-0.91,-0.44,1.46,0.62,-0.22,-0.44,-1.48,0.15,1.23,1.45,0.46,0.24,0.05,-0.36,2.33,0.06,0.53,0.22,0.83,-0.31,-0.73,-1.01,0.86,0.50,-0.47,0.54,1.07,1.63,1.52,-0.66,1.41,0.42,-0.50,1.33,1.36,-0.80,1.02
0.57,-0.71,1.23,0.46,0.40,-0.60,0.99,0.26,0.71,-0.41,1.47,-0.42,-0.82,1.79,0.88,0.86,-0.71,-0.65,-0.44,0.46,0.88,2.58,0.96,0.54,1.78,-0.58,-0.06,-0.19,1.67,1.67,0.03,2.01,1.36,0.55,0.86,3.10,0.62,0.54,2.56,-1.50,1.12,1.25,0.77,-0.20,0.63,-1.31,-0.75,2.15,1.73,1.14,2.35,-0.91,0.61,0.02,2.83,0.73,1.53,-1.05,0.10,1.16,-0.06,1.88,1.00,0.79,0.80,1.07,1.13,0.73,2.19,2.27,1.43,0.54,-0.67,-1.50,-1.60,0.70,0.44,-0.85,0.49,1.16,0.16,0.65,-0.43,-0.36,-0.81,0.24,0.40,1.15,0.91,0.22,-0.50,0.98,2.13,0.81,1.13,-0.97,0.60,1.48,-0.03,0.66
0.50,0.24,-0.45,0.59,1.17,-0.28,0.75,1.43,0.88,-1.66,0.96,-0.23,-0.10,0.76,-0.02,0.56,1.61,0.37,2.71,-0.43,-0.41,0.71,-1.58,0.15,0.83,-0.73,1.61,0.56,0.35,0.25,3.94,-0.36,-0.34,1.36,0.19,0.04,1.13,0.37,0.05,1.07,1.90,-0.64,-0.01,0.22,0.13,0.15,0.13,1.43,1.44,1.67,0.71,-0.01,0.71,1.10,2.24,1.50,-0.79,1.96,-0.87,-0.76,-0.10,-0.27,1.20,2.46,0.51,0.41,0.98,3.21,-0.43,0.33,0.29,1.65,0.83,-0.06,1.78,1.08,0.37,0.03,0.92,1.65,1.34,0.50,0.28,-0.99,-0.04,0.38,-0.27,0.16,-2.68,-0.72,-0.52,0.03,0.16,2.58,1.73,1.19,1.31,0.28,0.88,-0.64
0.84,-0.38,-2.14,2.33,1.28,0.47,1.14,-0.36,0.32,0.47,0.47,1.07,-1.65,0.67,1.03,1.46,0.86,-0.56,0.74,1.12,0.78,0.08,0.11,1.93,0.79,0.51,1.09,-0.18,0.53,1.70,-0.26,0.04,-1.49,0.39,0.71,2.20,0.77,1.52,0.63,1.08,1.85,1.10,2.23,1.07,0.73,0.22,0.87,1.43,-0.23,0.61,-0.22,2.02,-1.22,0.19,0.44,1.89,0.02,0.83,0.87,0.66,-1.93,1.49,-0.55,0.24,-0.01,0.60,1.93,-1.91,-1.57,2.42,0.45,0.02,1.31,0.51,-0.10,0.09,1.11,0.10,2.00,0.71,1.50,-0.07,0.80,1.49,1.31,-0.07,0.01,-1.98,0.54,0.92,0.70,1.71,-1.26,-0.68,1.49,-0.34,-0.25,1.01,1.98,1.51
0.39,0.04,1.84,1.90,-0.19,1.60,-0.22,0.35,-0.54,-0.32,0.58,2.47,2.11,-0.43,-1.71,-0.84,0.86,-0.77,1.33,0.22,0.17,1.58,2.08,-1.06,2.75,1.27,0.59,0.95,1.19,0.86,1.10,0.14,-0.32,1.40,1.52,1.19,-0.33,0.82,-0.44,0.37,1.01,-0.35,0.80,-0.69,1.15,1.57,-0.41,1.23,1.52,1.11,-0.25,-2.13,0.94,-0.19,1.63,0.05,1.68,0.37,-0.00,0.17,1.69,-0.30,0.73,-0.06,1.64,1.03,-0.53,-0.14,0.20,1.40,-0.58,-0.52,2.54,0.62,-0.04,0.66,-1.84,1.20,0.12,-1.85,2.38,-0.69,0.61,0.34,0.85,-0.13,1.04,0.95,0.96,1.31,1.44,0.15,-0.14,0.86,1.09,-0.14,-0.10,0.82,2.62,-0.61
2.12,-0.78,0.31,-0.17,1.72,0.53,0.27,1.83,0.28,0.10,-1.58,1.29,-0.38,0.71,-0.45,-0.60,-0.48,0.17,0.10,0.70,-0.11,0.42,0.30,0.89,0.48,0.65,0.18,2.39,0.88,0.89,1.46,2.90,1.59,1.84,-0.29,-2.10,1.37,-0.48,-0.92,0.89,1.07,0.15,1.24,-1.61,1.40,2.49,0.35,0.99,1.04,0.26,0.82,1.32,0.75,0.19,0.10,1.78,1.53,0.22,2.55,1.37,0.16,1.78,0.67,1.15,0.16,0.62,0.71,-1.43,0.22,-0.90,1.34,1.94,0.86,-0.33,-1.46,0.93,-0.10,-0.73,0.07,0.28,-1.21,0.56,-0.21,0.25,0.68,0.48,-0.13,-0.74,-0.08,0.82,1.21,-0.81,1.29,1.53,0.21,1.35,-2.21,0.01,1.08,2.22
0.69,-0.10,-1.03,-0.81,-0.46,0.69,-0.33,0.38,1.65,-0.54,0.53,0.06,0.06,0.84,-0.40,0.72,0.46,1.88,-1.12,0.17,-0.92,-0.50,1.20,0.25,1.67,0.37,-0.75,-0.46,1.22,1.33,-1.62,0.37,1.71,0.12,0.59,0.26,-0.13,0.80,1.80,-0.72,2.93,0.58,-0.56,0.67,1.89,1.12,0.41,0.18,0.14,0.38,0.74,1.15,0.67,0.45,-0.11,1.19,1.00,0.99,-0.50,0.20,2.05,-0.01,0.69,0.91,1.44,0.12,0.10,-0.08,-0.66,0.12,1.04,-3.33,0.91,1.31,1.18,1.62,0.46,2.02,2.24,1.40,-0.49,1.65,1.67,1.36,1.30,1.83,-0.78,-0.26,0.09,0.48,3.03,1.68,2.72,1.81,0.37,-0.44,0.78,-1.12,0.79,-0.46
2.72,1.06,1.16,0.64,0.57,2.50,1.58,1.30,1.00,1.76,-0.20,0.43,0.33,1.23,0.38,0.82,1.67,0.23,2.44,-0.61,1.58,1.07,0.25,1.02,0.15,0.67,-0.92,1.01,-0.27,0.72,0.77,0.83,0.12,1.13,-0.07,0.82,0.11,-0.93,-0.12,-0.69,1.00,-0.07,1.23,0.68,-1.88,-1.58,0.16,1.40,-1.39,-0.36,-0.82,2.30,0.50,2.52,1.09,0.52,0.75,1.14,0.80,-0.85,1.43,-1.64,0.37,1.15,1.53,0.55,0.40,0.68,1.61,-0.23,1.86,-0.53,-0.23,-0.84,-1.66,-0.65,-0.75,-0.10,0.02,0.18,-0.23,0.38,2.48,0.55,2.56,1.46,1.53,1.22,0.14,0.29,0.41,0.84,0.88,-0.30,0.57,1.67,-0.15,-0.31,-0.28,0.12
1.81,1.79,0.59,-2.18,0.38,1.90,1.17,0.55,-0.56,0.24,-0.74,-0.96,1.49,-0.62,0.23,1.07,2.82,0.94,-1.18,-0.88,0.61,0.54,1.71,0.26,-0.88,0.16,1.84,-0.09,2.04,1.60,0.11,1.15,-0.55,2.01,-0.44,1.07,1.51,0.70,1.39,1.50,0.46,-0.15,-0.08,0.84,-0.57,2.47,1.74,-0.69,1.82,-0.45,0.63,-0.49,0.07,-0.60,0.28,0.05,0.11,-0.47,1.45,0.50,-0.13,0.21,-0.09,0.58,0.09,1.39,0.50,-0.49,1.05,-0.06,0.55,-0.70,1.06,0.24,-0.59,-0.89,0.34,-0.21,0.15,2.15,2.34,1.98,0.48,1.26,0.94,-0.40,-1.62,0.92,0.25,0.85,-0.37,1.79,1.35,1.76,1.98,-0.43,0.77,1.45,0.22,0.54
0.13,1.13,0.81,-0.77,0.41,1.07,-0.17,0.82,-0.67,0.83,1.22,-0.35,-1.38,-0.95,1.85,0.06,1.16,1.66,-0.23,0.49,1.15,0.75,2.14,0.56,-0.05,-0.17,-1.14,0.81,0.74,-0.24,2.40,0.67,-1.52,0.42,2.04,-0.24,-1.95,0.28,0.12,2.24,1.75,0.43,1.60,-0.92,0.35,0.65,1.37,0.32,0.16,0.42,0.58,0.66,-0.97,-0.08,0.14,1.44,0.90,1.06,-0.64,1.15,0.72,2.42,0.13,2.65,1.43,-0.27,0.83,1.92,0.40,0.51,1.21,0.79,-1.63,1.26,0.62,3.00,-1.28,0.01,1.07,-1.15,1.13,1.74,1.12,0.37,-1.38,1.44,-0.74,0.59,2.90,0.66,0.13,0.11,0.42,-0.77,1.81,-0.56,0.38,0.66,-1.09,0.36
1.53,1.27,0.64,0.97,-0.34,-1.06,0.12,0.73,-1.76,0.35,2.74,3.52,-0.29,2.49,-1.46,-0.45,1.37,0.27,0.54,0.65,1.55,1.04,0.83,-1.12,1.22,1.02,0.76,0.02,-1.59,0.41,1.24,0.16,1.33,0.72,-0.05,-1.10,0.93,1.65,0.16,0.55,0.27,1.10,1.69,-1.58,0.44,-0.17,-0.12,-1.40,0.76,-0.41,1.25,2.23,-0.46,0.14,-0.50,-1.10,-0.47,0.08,0.39,-0.09,-0.10,0.48,-0.68,-0.02,0.65,1.51,2.77,0.47,0.25,0.04,-0.01,0.05,-1.46,-0.08,1.32,-0.13,-0.42,1.36,0.42,1.38,1.45,1.09,0.31,0.61,-0.20,0.02,1.20,1.62,1.51,0.16,0.86,1.34,2.04,0.85,0.25,0.13,-0.39,-0.19,2.08,0.91
1.18,0.82,1.04,-0.53,0.45,0.16,0.66,0.71,1.80,0.81,0.11,0.34,-0.14,1.93,0.15,3.15,1.34,-0.30,0.82,2.34,0.46,1.75,-0.28,-1.05,-0.73,1.58,0.88,-0.06,1.49,0.43,-1.75,-0.14,-0.60,0.23,2.45,-1.78,0.64,0.68,1.32,-0.70,0.87,-2.06,-0.38,0.71,1.75,-0.33,1.45,1.77,-0.05,-1.07,2.17,0.86,-0.14,0.76,1.52,0.88,-0.80,1.06,1.28,1.33,-0.61,-1.08,1.15,1.72,-0.14,-0.35,0.36,-1.25,1.64,0.47,-0.22,2.12,-0.63,0.68,0.98,0.35,0.77,1.77,-0.18,-0.53,0.83,0.48,0.19,1.23,-0.28,-0.27,0.88,1.62,0.46,0.85,0.68,0.45,-0.60,1.89,-0.21,-0.92,0.30,1.25,0.91,0.76
-0.65,-1.57,0.53,0.83,0.68,0.30,1.38,0.23,0.69,1.50,-0.87,0.99,-0.04,1.77,0.17,0.49,2.29,0.11,0.54,1.24,1.95,-0.47,-0.18,-0.02,-1.46,1.05,0.49,1.08,0.47,0.84,-0.85,2.45,1.65,0.56,0.16,1.20,0.06,-0.35,0.18,0.49,0.87,0.94,0.09,0.62,1.39,2.51,-0.56,0.49,1.17,1.31,0.09,0.13,-1.69,1.43,-0.18,1.24,-0.45,0.51,-0.96,-1.00,1.87,1.17,0.72,0.90,-0.52,1.29,-0.04,3.11,-0.42,0.72,-0.42,1.04,-1.59,0.77,0.38,1.01,-0.06,1.79,-0.74,2.12,1.41,-0.32,-0.30,-1.38,2.66,1.03,-0.85,1.20,0.49,2.33,0.87,-0.72,-0.28,-0.21,0.02,0.81,1.14,0.72,0.56,1.39
0.57,0.23,-0.60,0.83,-0.08,0.62,1.94,0.29,0.30,1.09,2.54,1.97,1.03,2.03,0.53,0.47,0.16,0.23,-0.10,1.49,-0.15,-0.35,-0.28,-0.72,0.23,0.32,0.67,0.80,0.92,-0.59,-1.71,-0.78,0.11,2.13,-1.36,-0.05,0.14,-0.48,-0.68,-0.21,1.97,0.65,-0.64,-0.05,0.21,1.52,3.42,0.15,-0.05,-1.30,-0.25,-0.82,1.45,1.18,1.61,1.31,2.56,0.52,0.06,0.99,-0.86,0.73,-0.80,-0.93,0.26,0.68,-0.17,1.26,1.91,2.67,0.72,2.25,0.73,0.52,0.93,0.45,0.75,-0.50,0.06,-0.74,1.04,2.88,-1.01,-0.62,0.76,1.26,-0.78,0.56,1.53,-0.16,1.25,-0.54,1.88,-0.08,1.89,1.31,1.91,0.29,1.29,-1.59
-0.66,0.89,0.77,1.34,-0.34,0.86,0.74,0.63,-0.18,1.11,0.23,-1.25,1.30,1.06,1.08,0.83,0.60,0.12,1.46,-0.54,1.15,-1.25,1.37,-1.13,1.98,1.64,1.32,1.27,2.90,1.48,1.60,-1.08,1.65,-0.34,1.14,-0.48,0.26,0.51,1.04,0.60,-0.34,1.06,-0.79,2.47,0.40,0.01,0.18,2.03,0.46,0.12,0.78,0.66,-0.91,0.44,0.32,-0.30,1.30,1.56,0.52,0.57,-0.78,2.58,0.40,0.11,0.13,-0.18,1.32,1.19,0.19,-0.51,2.40,-0.18,-1.19,1.31,0.22,-0.45,0.51,0.52,1.15,1.20,-1.89,2.15,-1.99,0.14,1.83,-0.92,-0.22,1.10,-0.17,2.39,2.03,0.20,0.14,-0.03,0.36,-0.06,0.07,-0.38,0.29,-0.12
0.45,0.72,-1.00,-0.24,1.03,0.85,1.39,0.11,0.65,0.96,-1.00,3.47,1.83,2.11,2.49,0.42,0.82,1.06,1.85,0.09,-0.03,1.73,0.06,0.67,-0.84,0.82,1.06,1.17,-0.21,0.85,0.54,0.11,0.62,0.77,-0.08,0.18,1.74,0.31,1.34,0.55,1.74,1.03,0.63,-0.74,0.72,-0.97,0.48,1.44,-0.56,0.90,-0.96,-1.82,0.45,-0.34,0.30,0.25,1.24,0.16,0.69,2.18,-0.10,2.32,1.27,0.44,-1.35,0.37,-0.50,0.74,-0.71,0.16,-0.82,-0.91,0.63,-0.71,0.53,2.88,1.40,0.57,-0.41,1.22,0.29,1.64,2.45,0.88,-1.35,-0.16,1.46,2.24,0.28,1.79,0.61,0.14,-0.21,-0.51,0.56,1.20,0.04,-0.46,-0.20,-0.35
-0.45,-1.22,0.37,0.51,0.91,0.52,-0.94,2.69,1.83,0.33,2.28,-0.35,2.83,-0.37,0.68,1.17,0.27,0.78,0.76,0.55,1.82,0.75,2.80,-0.49,-0.78,-0.05,0.53,0.97,-0.54,0.82,0.58,0.81,1.06,1.16,0.41,-0.22,0.74,0.15,-1.44,-0.59,0.15,-0.10,1.68,0.95,1.00,0.01,0.52,1.98,0.09,0.72,0.08,0.58,-0.12,-0.45,1.15,-3.15,-0.64,2.74,2.27,0.09,0.22,0.74,0.46,-0.23,1.35,0.76,-0.08,0.40,1.30,2.15,1.41,0.87,0.58,0.74,0.70,0.51,0.48,0.84,1.63,2.35,0.63,0.74,1.12,0.04,-1.48,-0.03,-1.01,-0.29,0.50,-0.54,-1.26,0.86,1.36,-0.74,-0.64,0.67,0.35,-1.00,0.32,0.67
1.14,1.51,1.64,1.00,1.07,0.39,1.06,0.09,2.36,-0.66,-0.90,0.04,-0.95,-0.84,0.80,-0.07,-0.83,2.77,0.61,1.82,1.41,-0.88,1.15,0.92,1.97,1.11,1.74,-0.37,-0.52,2.36,1.06,-0.42,1.77,-1.56,1.19,2.03,0.13,1.23,-1.15,0.75,2.50,-0.57,-0.44,0.56,0.17,-0.18,0.25,0.51,-1.16,0.42,1.88,0.68,0.77,0.15,0.96,0.55,-0.60,2.03,1.85,0.04,-0.64,0.05,0.83,-1.23,-0.16,0.29,0.28,0.32,1.33,-0.54,-0.22,-0.49,1.05,-0.03,0.64,1.86,-0.20,-0.41,-0.10,1.78,2.91,1.29,-0.10,-0.37,1.80,1.65,1.76,1.02,0.36,-0.62,-0.43,-0.47,0.19,-1.30,0.86,-0.88,1.14,1.78,2.16,0.92
